<?xml version="1.0" encoding="UTF-8" standalone="no"?>
<IP >
    <About>Nested vectored interrupt controller</About>
    <AboutCH>嵌套向量中断控制器</AboutCH>
    
    <RefParameter Comment="Priority Group" CommentCH="优先级组" DefaultValue="NVIC_PRIORITY_GROUP_4" Group="" Name="PriorityGroup" Type="list">
        <PossibleValue Comment="0 bits for pre-emption priority,  4 bits for subpriority" CommentCH="抢占优先级0位，子优先级4位" Semaphore="NVIC_PRIORITY_GROUP_0" Value="NVIC_PRIORITY_GROUP_0"/>
        <PossibleValue Comment="1 bits for pre-emption priority,  3 bits for subpriority" CommentCH="抢占优先级1位，子优先级3位" Semaphore="NVIC_PRIORITY_GROUP_1" Value="NVIC_PRIORITY_GROUP_1"/>
        <PossibleValue Comment="2 bits for pre-emption priority,  2 bits for subpriority" CommentCH="抢占优先级2位，子优先级2位" Semaphore="NVIC_PRIORITY_GROUP_2" Value="NVIC_PRIORITY_GROUP_2"/>
        <PossibleValue Comment="3 bits for pre-emption priority,  1 bits for subpriority" CommentCH="抢占优先级3位，子优先级1位" Semaphore="NVIC_PRIORITY_GROUP_3" Value="NVIC_PRIORITY_GROUP_3"/>
        <PossibleValue Comment="4 bits for pre-emption priority,  0 bits for subpriority" CommentCH="抢占优先级4位，子优先级0位" Semaphore="NVIC_PRIORITY_GROUP_4" Value="NVIC_PRIORITY_GROUP_4"/>
    </RefParameter>
    <RefParameter Comment="Preemption Priority" CommentCH="抢占优先级" DefaultValue="0" Group="" Max="0" Min="0" Name="PreemptionPriority" Type="integer">
        <Condition Diagnostic="0 bits for pre-emption priority" Expression="NVIC_PRIORITY_GROUP_0"/>
    </RefParameter>
    <RefParameter Comment="Preemption Priority" CommentCH="抢占优先级" DefaultValue="0" Group="" Max="1" Min="0" Name="PreemptionPriority" Type="integer">
        <Condition Diagnostic="1 bits for pre-emption priority" Expression="NVIC_PRIORITY_GROUP_1"/>
    </RefParameter>
    <RefParameter Comment="Preemption Priority" CommentCH="抢占优先级" DefaultValue="0" Group="" Max="3" Min="0" Name="PreemptionPriority" Type="integer">
        <Condition Diagnostic="2 bits for pre-emption priority" Expression="NVIC_PRIORITY_GROUP_2"/>
    </RefParameter>
    <RefParameter Comment="Preemption Priority" CommentCH="抢占优先级" DefaultValue="0" Group="" Max="7" Min="0" Name="PreemptionPriority" Type="integer">
        <Condition Diagnostic="3 bits for pre-emption priority" Expression="NVIC_PRIORITY_GROUP_3"/>
    </RefParameter>
    <RefParameter Comment="Preemption Priority" CommentCH="抢占优先级" DefaultValue="0" Group="" Max="15" Min="0" Name="PreemptionPriority" Type="integer">
        <Condition Diagnostic="4 bits for pre-emption priority" Expression="NVIC_PRIORITY_GROUP_4"/>
    </RefParameter>
    <RefParameter Comment="Sub Priority" CommentCH="子优先级" DefaultValue="0" Group="" Max="15" Min="0" Name="SubPriority" Type="integer">
        <Condition Diagnostic="4 bits for subpriority" Expression="NVIC_PRIORITY_GROUP_0"/>
    </RefParameter>
    <RefParameter Comment="Sub Priority" CommentCH="子优先级" DefaultValue="0" Group="" Max="7" Min="0" Name="SubPriority" Type="integer">
        <Condition Diagnostic="3 bits for subpriority" Expression="NVIC_PRIORITY_GROUP_1"/>
    </RefParameter>
    <RefParameter Comment="Sub Priority" CommentCH="子优先级" DefaultValue="0" Group="" Max="3" Min="0" Name="SubPriority" Type="integer">
        <Condition Diagnostic="2 bits for subpriority" Expression="NVIC_PRIORITY_GROUP_2"/>
    </RefParameter>
    <RefParameter Comment="Sub Priority" CommentCH="子优先级" DefaultValue="0" Group="" Max="1" Min="0" Name="SubPriority" Type="integer">
        <Condition Diagnostic="1 bits for subpriority" Expression="NVIC_PRIORITY_GROUP_3"/>
    </RefParameter>
    <RefParameter Comment="Sub Priority" CommentCH="子优先级" DefaultValue="0" Group="" Max="0" Min="0" Name="SubPriority" Type="integer">
        <Condition Diagnostic="0 bits for subpriority" Expression="NVIC_PRIORITY_GROUP_4"/>
    </RefParameter>
    <RefParameter Comment="Interrupt Table" CommentCH="中断表" DefaultValue="" Group="" Name="IRQn" Type="list" Visible="false">
    	
    	  <PossibleValue                                                   
    	  	Condition="Reset" 
    	  	Comment="Reset_IRQ" 
    	  	CommentCH="Reset_IRQ"                                            
    	  	Diagnostic="reset vector, invoked on power up and warm reset"                     
    	  	DiagnosticCH="复位中断"                                  
    	  	Value="Reset_IRQn,Y,N:Y,N:0,N:0,Reset_Handler,Y"/>
    	  	
        <PossibleValue 
        	Condition="NonMaskableInt" 
        	Comment="NonMaskableInt_IRQ"                                
        	CommentCH="NonMaskableInt_IRQ"                       
        	Diagnostic="non maskable interrupt"                                                                       
        	DiagnosticCH="不可屏蔽中断"                          
        	Value="NonMaskableInt_IRQn,Y,N:Y,N:0,N:0,NMI_Handler,Y"/>
        	
        <PossibleValue 
        	Condition="HardFault" 
        	Comment="HardFault_IRQ"                                            
        	CommentCH="HardFault_IRQ"                                    
        	Diagnostic="hard fault, all classes of fault"                                                               
        	DiagnosticCH="硬件错误中断"                          
        	Value="HardFault_IRQn,Y,N:Y,N:0,N:0,HardFault_Handler,Y"/>
        	
        <PossibleValue 
        	Condition="MemoryManagement" 
        	Comment="MemoryManagement_IRQ"                      
        	CommentCH="MemoryManagement_IRQ"              
        	Diagnostic="cortex-m4 memory management interrupt"                                    
        	DiagnosticCH="内存管理中断"                          
        	Value="MemoryManagement_IRQn,Y,N:Y,Y:0,Y:0,MemManage_Handler,Y"/>
        	
        <PossibleValue 
        	Condition="BusFault" 
        	Comment="BusFault_IRQ"                                              
        	 CommentCH="BusFault_IRQ"                                       
        	 Diagnostic="cortex-m4 bus fault interrupt"                                                            
        	 DiagnosticCH="总线错误中断"                           
        	 Value="BusFault_IRQn,Y,N:Y,Y:0,Y:0,BusFault_Handler,Y"/>
        	 
        <PossibleValue 
        	Condition="UsageFault" 
        	Comment="UsageFault_IRQ"                                          
        	CommentCH="UsageFault_IRQ"                                  
        	Diagnostic="cortex-m4 usage fault interrupt"                                                        
        	DiagnosticCH="使用错误中断"                           
        	Value="UsageFault_IRQn,Y,N:Y,Y:0,Y:0,UsageFault_Handler,Y"/>
        	
        <PossibleValue 
        	Condition="SVCall" 
        	Comment="SVCall_IRQ"                                                   
        	CommentCH="SVCall_IRQ"                                          
        	Diagnostic="cortex-m4 sv call interrupt"                                                                 
        	DiagnosticCH="系统服务中断（SWI指令）"      
        	Value="SVCall_IRQn,Y,N:Y,Y:0,Y:0,SVC_Handler,Y"/>
        	
        <PossibleValue 
        	Condition="DebugMonitor" 
        	Comment="DebugMonitor_IRQ"                                   
        	CommentCH="DebugMonitor_IRQ"                          
        	Diagnostic="cortex-m4 debug monitor interrupt"                                                 
        	DiagnosticCH="调试监控器中断"                       
        	Value="DebugMonitor_IRQn,Y,N:Y,Y:0,Y:0,DebugMon_Handler,Y"/>
        	
        <PossibleValue 
        	Condition="PendSV" 
        	Comment="PendSV_IRQ"                                                
        	CommentCH="PendSV_IRQ"                                        
        	Diagnostic="cortex-m4 pend sv interrupt"                                                              
        	DiagnosticCH="可挂起的系统服务中断"            
        	Value="PendSV_IRQn,Y,N:Y,Y:0,Y:0,PendSV_Handler,Y"/>
        	
        <PossibleValue 
        	Condition="SysTick" 
        	Comment="SysTick_IRQ"                                                 
        	CommentCH="SysTick_IRQ"                                        
        	Diagnostic="cortex-m4 system tick interrupt"                                                         
        	DiagnosticCH="系统嘀嗒中断"                           
        	Value="SysTick_IRQn,Y,N:Y,Y:15,Y:0,SysTick_Handler"/>
        	
        <PossibleValue 
        	Condition="WWDT" 
        	Comment="WWDT_IRQ"                                                 
        	CommentCH="WWDT_IRQ"                                           
        	Diagnostic="window watchdog timer interrupt"                                                   
        	DiagnosticCH="窗口看门狗中断"                        
        	Value="WWDT_IRQn,N,Y:N,Y:0,Y:0,WWDT_IRQHandler"/>
        	
        <PossibleValue 
        	Condition="PVM" 
        	Comment="PVM_IRQ"                                                     
        	CommentCH="PVM_IRQ"                                               
        	Diagnostic="pvm through exint line detection interrupt"                                   
        	DiagnosticCH="电源电压检测中断"                     
        	Value="PVM_IRQn,N,Y:N,Y:0,Y:0,PVM_IRQHandler"/>
        	
        <PossibleValue 
        	Condition="ERTC" 
        	Comment="TAMP_STAMP_IRQ"                                      
        	CommentCH="TAMP_STAMP_IRQ"                              
        	Diagnostic="tamper and timestamp interrupts through the exint line"          
        	DiagnosticCH="侵入检测中断"                             
        	Value="TAMP_STAMP_IRQn,N,Y:N,Y:0,Y:0,TAMP_STAMP_IRQHandler"/>
        	
        <PossibleValue 
        	Condition="ERTC" 
        	Comment="ERTC_WKUP_IRQ"                                      
        	 CommentCH="ERTC_WKUP_IRQ"                                 
        	 Diagnostic="ertc wakeup through the exint line"                                                  
        	 DiagnosticCH="实时时钟（ERTC）唤醒中断"     
        	 Value="ERTC_WKUP_IRQn,N,Y:N,Y:0,Y:0,ERTC_WKUP_IRQHandler"/>
        	 
        <PossibleValue 
        	Condition="FLASH" 
        	Comment="FLASH_IRQ"                                                  
        	CommentCH="FLASH_IRQ"                                           
        	Diagnostic="flash global interrupt"                                                                          
        	DiagnosticCH="Flash全局中断"                            
        	Value="FLASH_IRQn,Y,Y:N,Y:0,Y:0,FLASH_IRQHandler"/>
        	
        <PossibleValue 
        	Condition="CRM" 
        	Comment="CRM_IRQ"                                                     
        	CommentCH="CRM_IRQ"                                              
        	 Diagnostic="crm global interrupt"                                                                           
        	 DiagnosticCH="时钟复位管理全局中断"              
        	 Value="CRM_IRQn,Y,Y:N,Y:0,Y:0,CRM_IRQHandler"/>       
        	 
        <PossibleValue 
        	Condition="EXINT0" 
        	Comment="EXINT0_IRQ"                                                
        	CommentCH="EXINT0_IRQ"                                           
        	Diagnostic="exint line0 interrupt"                                                                            
        	DiagnosticCH="EXINT线0中断"                            
        	Value="EXINT0_IRQn,N,Y:N,Y:0,Y:0,EXINT0_IRQHandler"/>
        	
        <PossibleValue 
        	Condition="EXINT1" 
        	Comment="EXINT1_IRQ"                                                
        	CommentCH="EXINT1_IRQ"                                           
        	Diagnostic="exint line1 interrupt"                                                                            
        	DiagnosticCH="EXINT线1中断"                            
        	Value="EXINT1_IRQn,N,Y:N,Y:0,Y:0,EXINT1_IRQHandler"/>
        	
        <PossibleValue 
        	Condition="EXINT2" 
        	Comment="EXINT2_IRQ"                                                
        	CommentCH="EXINT2_IRQ"                                           
        	Diagnostic="exint line2 interrupt"                                                                            
        	DiagnosticCH="EXINT线2中断"                            
        	Value="EXINT2_IRQn,N,Y:N,Y:0,Y:0,EXINT2_IRQHandler"/>
        	
        <PossibleValue 
        	Condition="EXINT3" 
        	Comment="EXINT3_IRQ"                                                
        	CommentCH="EXINT3_IRQ"                                           
        	Diagnostic="exint line3 interrupt"                                                                            
        	DiagnosticCH="EXINT线3中断"                            
        	Value="EXINT3_IRQn,N,Y:N,Y:0,Y:0,EXINT3_IRQHandler"/>
        	
        <PossibleValue 
        	Condition="EXINT4" 
        	Comment="EXINT4_IRQ"                                                
        	CommentCH="EXINT4_IRQ"                                           
        	Diagnostic="exint line4 interrupt"                                                                            
        	DiagnosticCH="EXINT线4中断"                            
        	Value="EXINT4_IRQn,N,Y:N,Y:0,Y:0,EXINT4_IRQHandler"/>
        	       
        <PossibleValue 
        	Condition="DMA1_Channel1" 
        	Comment="DMA1_Channel1_IRQ"                               
        	CommentCH="DMA1_Channel1_IRQ"                          
        	Diagnostic="dma1 channel 1 global interrupt"                                       
        	DiagnosticCH="DMA1通道1全局中断"            
        	Value="DMA1_Channel1_IRQn,N,Y:N,Y:0,Y:0,DMA1_Channel1_IRQHandler"/>
        	
        <PossibleValue 
        	Condition="DMA1_Channel2" 
        	Comment="DMA1_Channel2_IRQ"                               
        	CommentCH="DMA1_Channel2_IRQ"                          
        	Diagnostic="dma1 channel 2 global interrupt"                                       
        	DiagnosticCH="DMA1通道2全局中断"            
        	Value="DMA1_Channel2_IRQn,N,Y:N,Y:0,Y:0,DMA1_Channel2_IRQHandler"/>
        	
        <PossibleValue 
        	Condition="DMA1_Channel3" 
        	Comment="DMA1_Channel3_IRQ"                               
        	CommentCH="DMA1_Channel3_IRQ"                          
        	Diagnostic="dma1 channel 3 global interrupt"                                       
        	DiagnosticCH="DMA1通道3全局中断"            
        	Value="DMA1_Channel3_IRQn,N,Y:N,Y:0,Y:0,DMA1_Channel3_IRQHandler"/>
        	
        <PossibleValue 
        	Condition="DMA1_Channel4" 
        	Comment="DMA1_Channel4_IRQ"                               
        	CommentCH="DMA1_Channel4_IRQ"                          
        	Diagnostic="dma1 channel 4 global interrupt"                                       
        	DiagnosticCH="DMA1通道4全局中断"            
        	Value="DMA1_Channel4_IRQn,N,Y:N,Y:0,Y:0,DMA1_Channel4_IRQHandler"/>
        	
        <PossibleValue 
        	Condition="DMA1_Channel5" 
        	Comment="DMA1_Channel5_IRQ"                               
        	CommentCH="DMA1_Channel5_IRQ"                          
        	Diagnostic="dma1 channel 5 global interrupt"                                       
        	DiagnosticCH="DMA1通道5全局中断"            
        	Value="DMA1_Channel5_IRQn,N,Y:N,Y:0,Y:0,DMA1_Channel5_IRQHandler"/>
        	
        <PossibleValue 
        	Condition="DMA1_Channel6" 
        	Comment="DMA1_Channel6_IRQ"                               
        	CommentCH="DMA1_Channel6_IRQ"                          
        	Diagnostic="dma1 channel 6 global interrupt"                                       
        	DiagnosticCH="DMA1通道6全局中断"            
        	Value="DMA1_Channel6_IRQn,N,Y:N,Y:0,Y:0,DMA1_Channel6_IRQHandler"/>
        	
        <PossibleValue 
        	Condition="DMA1_Channel7" 
        	Comment="DMA1_Channel7_IRQ"                               
        	CommentCH="DMA1_Channel7_IRQ"                          
        	Diagnostic="dma1 channel 7 global interrupt"                                       
        	DiagnosticCH="DMA1通道7全局中断"            
        	Value="DMA1_Channel7_IRQn,N,Y:N,Y:0,Y:0,DMA1_Channel7_IRQHandler"/>
       
        <PossibleValue 
        	Condition="ADC1" 
        	Comment="ADC1_IRQ"                                                   
        	CommentCH="ADC1_IRQ"                                              
        	Diagnostic="adc1 global interrupt"                                                           
        	DiagnosticCH="ADC1的全局中断"                   
        	Value="ADC1_IRQn,N,Y:N,Y:0,Y:0,ADC1_IRQHandler"/>
       
        <PossibleValue 
        	Condition="CAN1" 
        	Comment="CAN1_TX_IRQ"                                            
        	CommentCH="CAN1_TX_IRQ"                                        
        	Diagnostic="can1 tx interrupt"                                                                 
        	DiagnosticCH="CAN1发送中断"                       
        	Value="CAN1_TX_IRQn,N,Y:N,Y:0,Y:0,CAN1_TX_IRQHandler"/>
        	
        <PossibleValue 
        	Condition="CAN1" 
        	Comment="CAN1_RX0_IRQ"                                            
        	CommentCH="CAN1_RX0_IRQ"                                        
        	Diagnostic="can1 rx0 interrupt"                                                                 
        	DiagnosticCH="CAN1接收0中断"                       
        	Value="CAN1_RX0_IRQn,N,Y:N,Y:0,Y:0,CAN1_RX0_IRQHandler"/>
        	
        <PossibleValue 
        	Condition="CAN1" 
        	Comment="CAN1_RX1_IRQ"                                          
        	CommentCH="CAN1_RX1_IRQ"                                     
        	Diagnostic="can1 rx1 interrupt"                                                               
        	DiagnosticCH="CAN1接收1中断"                     
        	Value="CAN1_RX1_IRQn,N,Y:N,Y:0,Y:0,CAN1_RX1_IRQHandler"/>
        	
        <PossibleValue 
        	Condition="CAN1" 
        	Comment="CAN1_SE_IRQ"                                             
        	CommentCH="CAN1_SE_IRQ"                                        
        	Diagnostic="can1 se interrupt "                                                                
        	DiagnosticCH="CAN1状态错误中断"                
        	Value="CAN1_SE_IRQn,N,Y:N,Y:0,Y:0,CAN1_SE_IRQHandler"/>
        
        <PossibleValue 
        	Condition="EXINT5;EXINT6;EXINT7;EXINT8;EXINT9" 
        	Comment="EXINT9_5_IRQ"                                           
        	 CommentCH="EXINT9_5_IRQ"                                        
        	 Diagnostic="external line[9:5] interrupts"                                               
        	 DiagnosticCH="EXINT线[9:5]中断"                  
        	 Value="EXINT9_5_IRQn,N,Y:N,Y:0,Y:0,EXINT9_5_IRQHandler"/>
        	 
        <PossibleValue 
        	Condition="TMR1;TMR9;TimeBase_TMR9_SYSTEM_FORNVIC" 
        	Comment="TMR1_BRK_TMR9_IRQ"                             
        	CommentCH="TMR1_BRK_TMR9_IRQ"                        
        	Diagnostic="tmr1 break interrupt and tmr9 global interrupt"                               
        	DiagnosticCH="TMR1刹车中断和TMR9全局中断"                   
        	Value="TMR1_BRK_TMR9_IRQn,N,Y:N,Y:0,Y:0,TMR1_BRK_TMR9_IRQHandler"/>        
        	
        <PossibleValue 
        	Condition="TMR1;TMR10;TimeBase_TMR1_SYSTEM_FORNVIC;TimeBase_TMR10_SYSTEM_FORNVIC" 
        	Comment="TMR1_OVF_TMR10_IRQ"                          
        	CommentCH="TMR1_OVF_TMR10_IRQ"                      
        	Diagnostic="tmr1 overflow interrupt and tmr10 global interrupt"                       
        	DiagnosticCH="TMR1溢出中断和TMR10全局中断"                 
        	Value="TMR1_OVF_TMR10_IRQn,N,Y:N,Y:0,Y:0,TMR1_OVF_TMR10_IRQHandler"/>  
        	
        <PossibleValue 
        	Condition="TMR1;TMR11;TimeBase_TMR11_SYSTEM_FORNVIC" 
        	Comment="TMR1_TRG_HALL_TMR11_IRQ"              
        	CommentCH="TMR1_TRG_HALL_TMR11_IRQ"           
        	Diagnostic="tmr1 trigger and HALL interrupt and tmr11 global interrupt"        
        	DiagnosticCH="TMR1触发和HALL中断和TMR11全局中断"    
        	Value="TMR1_TRG_HALL_TMR11_IRQn,N,Y:N,Y:0,Y:0,TMR1_TRG_HALL_TMR11_IRQHandler"/>   	
        	
        <PossibleValue 
        	Condition="TMR1" 
        	Comment="TMR1_CH_IRQ"                                          
        	 CommentCH="TMR1_CH_IRQ"                                       
        	 Diagnostic="tmr1 channel interrupt"                                                                          
        	 DiagnosticCH="TMR1通道中断"                                                  
        	 Value="TMR1_CH_IRQn,N,Y:N,Y:0,Y:0,TMR1_CH_IRQHandler"/>
        
        <PossibleValue 
        	Condition="TMR2;TimeBase_TMR2_SYSTEM_FORNVIC" 
        	Comment="TMR2_GLOBAL_IRQ"                                 
        	CommentCH="TMR2_GLOBAL_IRQ"                               
        	Diagnostic="tmr2 global interrupt"                                                                                 
        	DiagnosticCH="TMR2全局中断"                                                 
        	Value="TMR2_GLOBAL_IRQn,N,Y:N,Y:0,Y:0,TMR2_GLOBAL_IRQHandler"/>
        	
        <PossibleValue 
        	Condition="TMR3;TimeBase_TMR3_SYSTEM_FORNVIC" 
        	Comment="TMR3_GLOBAL_IRQ"                                 
        	CommentCH="TMR3_GLOBAL_IRQ"                               
        	Diagnostic="tmr3 global interrupt"                                                                                 
        	DiagnosticCH="TMR3全局中断"                                                 
        	Value="TMR3_GLOBAL_IRQn,N,Y:N,Y:0,Y:0,TMR3_GLOBAL_IRQHandler"/>
        	
        <PossibleValue 
        	Condition="TMR4;TimeBase_TMR4_SYSTEM_FORNVIC" 
        	Comment="TMR4_GLOBAL_IRQ"                                 
        	CommentCH="TMR4_GLOBAL_IRQ"                               
        	Diagnostic="tmr4 global interrupt"                                                                                 
        	DiagnosticCH="TMR4全局中断"                                                 
        	Value="TMR4_GLOBAL_IRQn,N,Y:N,Y:0,Y:0,TMR4_GLOBAL_IRQHandler"/>
   
        <PossibleValue 
        	Condition="I2C1" 
        	Comment="I2C1_EVT_IRQ"                                           
        	 CommentCH="I2C1_EVT_IRQ"                                         
        	 Diagnostic="i2c1 event interrupt"                                                             
        	 DiagnosticCH="I2C1事件中断"                 
        	 Value="I2C1_EVT_IRQn,N,Y:N,Y:0,Y:0,I2C1_EVT_IRQHandler"/>
        	 
        <PossibleValue 
        	Condition="I2C1" 
        	Comment="I2C1_ERR_IRQ"                                            
        	CommentCH="I2C1_ERR_IRQ"                                         
        	Diagnostic="i2c1 error interrupt"                                                             
        	DiagnosticCH="I2C1错误中断"                 
        	Value="I2C1_ERR_IRQn,N,Y:N,Y:0,Y:0,I2C1_ERR_IRQHandler"/>
        	
        <PossibleValue 
        	Condition="I2C2" 
        	Comment="I2C2_EVT_IRQ"                                            
        	CommentCH="I2C2_EVT_IRQ"                                         
        	Diagnostic="i2c2 event interrupt"                                                             
        	DiagnosticCH="I2C2事件中断"                 
        	Value="I2C2_EVT_IRQn,N,Y:N,Y:0,Y:0,I2C2_EVT_IRQHandler"/>        
        	
        <PossibleValue 
        	Condition="I2C2" 
        	Comment="I2C2_ERR_IRQ"                                            
        	CommentCH="I2C2_ERR_IRQ"                                         
        	Diagnostic="i2c2 error interrupt"                                                             
        	DiagnosticCH="I2C2错误中断"                 
        	Value="I2C2_ERR_IRQn,N,Y:N,Y:0,Y:0,I2C2_ERR_IRQHandler"/>
        
        <PossibleValue 
        	Condition="SPI1" 
        	Comment="SPI1_IRQ"                                                     
        	CommentCH="SPI1_IRQ"                                                   
        	Diagnostic="spi1 global interrupt"                                                          
        	DiagnosticCH="SPI1全局中断"                 
        	Value="SPI1_IRQn,N,Y:N,Y:0,Y:0,SPI1_IRQHandler"/>
        	
        <PossibleValue 
        	Condition="SPI2" 
        	Comment="SPI2_IRQn"                                                     
        	CommentCH="SPI2_IRQn"                                                   
        	Diagnostic="spi2 global interrupt"                                                          
        	DiagnosticCH="SPI2全局中断"                 
        	Value="SPI2_IRQn,N,Y:N,Y:0,Y:0,SPI2_IRQHandler"/>
        
        <PossibleValue 
        	Condition="USART1" 
        	Comment="USART1_IRQ"                                             
        	CommentCH="USART1_IRQ"                                            
        	Diagnostic="usart1 global interrupt"                                                       
        	DiagnosticCH="USART1全局中断"               
        	Value="USART1_IRQn,N,Y:N,Y:0,Y:0,USART1_IRQHandler"/>
        	
        <PossibleValue 
        	Condition="USART2" 
        	Comment="USART2_IRQ"                                             
        	CommentCH="USART2_IRQ"                                            
        	Diagnostic="usart2 global interrupt"                                                       
        	DiagnosticCH="USART2全局中断"               
        	Value="USART2_IRQn,N,Y:N,Y:0,Y:0,USART2_IRQHandler"/>        
        	
        <PossibleValue 
        	Condition="USART3" 
        	Comment="USART3_IRQ"                                             
        	CommentCH="USART3_IRQ"                                            
        	Diagnostic="usart3 global interrupt"                                                       
        	DiagnosticCH="USART3全局中断"               
        	Value="USART3_IRQn,N,Y:N,Y:0,Y:0,USART3_IRQHandler"/>        
        
        <PossibleValue 
        	Condition="EXINT10;EXINT11;EXINT12;EXINT13;EXINT14;EXINT15" 
        	Comment="EXINT15_10_IRQ"                                      
        	CommentCH="EXINT15_10_IRQ"                                     
        	Diagnostic="external line[15:10] interrupts"                                           
        	DiagnosticCH="EXINT线[15:10]中断"           
        	Value="EXINT15_10_IRQn,N,Y:N,Y:0,Y:0,EXINT15_10_IRQHandler"/>
       
        <PossibleValue 
        	Condition="ERTC" 
        	Comment="ERTCAlarm_IRQ"                                        
        	CommentCH="ERTCAlarm_IRQ"                                      
        	Diagnostic="rtc alarm through exint line interrupt"                            
        	DiagnosticCH="连到EXINT的RTC闹钟中断"               
        	Value="ERTCAlarm_IRQn,N,Y:N,Y:0,Y:0,ERTCAlarm_IRQHandler"/>        
        
        <PossibleValue 
        	Condition="USB_OTGFS1" 
        	Comment="OTGFS1_WKUP_IRQ"                                 
        	CommentCH="OTGFS1_WKUP_IRQ"                             
        	Diagnostic="otgfs1 wakeup from suspend through exint line interrupt"                            
        	DiagnosticCH="连到EXINT的OTGFS1唤醒中断"               
        	Value="OTGFS1_WKUP_IRQn,N,Y:N,Y:0,Y:0,OTGFS1_WKUP_IRQHandler"/>        
        
        <PossibleValue 
        	Condition="SDIO1" 
        	Comment="SDIO1_IRQ"                                                     
        	CommentCH="SDIO1_IRQ"                                                   
        	Diagnostic="sdio1 global interrupt"                                                          
        	DiagnosticCH="SDIO1全局中断"                     
        	Value="SDIO1_IRQn,N,Y:N,Y:0,Y:0,SDIO1_IRQHandler"/>
					
        <PossibleValue 
        	Condition="TMR5;TimeBase_TMR5_SYSTEM_FORNVIC" 
        	Comment="TMR5_GLOBAL_IRQ"                               
        	CommentCH="TMR5_GLOBAL_IRQ"                            
        	Diagnostic="tmr5 global interrupt"                                                        
        	DiagnosticCH="TMR5全局中断"                
        	Value="TMR5_GLOBAL_IRQn,N,Y:N,Y:0,Y:0,TMR5_GLOBAL_IRQHandler"/>
        		
        <PossibleValue 
        	Condition="UART4" 
        	Comment="UART4_IRQ"                                             
        	CommentCH="UART4_IRQ"                                            
        	Diagnostic="uart4 global interrupt"                                                       
        	DiagnosticCH="UART4全局中断"               
        	Value="UART4_IRQn,N,Y:N,Y:0,Y:0,UART4_IRQHandler"/>   
        	    
        <PossibleValue 
        	Condition="UART5" 
        	Comment="UART5_IRQ"                                             
        	CommentCH="UART5_IRQ"                                            
        	Diagnostic="uart5 global interrupt"                                                       
        	DiagnosticCH="UART5全局中断"               
        	Value="UART5_IRQn,N,Y:N,Y:0,Y:0,UART5_IRQHandler"/>        
        
        <PossibleValue 
        	Condition="DMA2_Channel1" 
        	Comment="DMA2_Channel1_IRQ"                               
        	CommentCH="DMA2_Channel1_IRQ"                          
        	Diagnostic="dma2 channel 1 global interrupt"                                       
        	DiagnosticCH="DMA2通道1全局中断"            
        	Value="DMA2_Channel1_IRQn,N,Y:N,Y:0,Y:0,DMA2_Channel1_IRQHandler"/>
        	
        <PossibleValue 
        	Condition="DMA2_Channel2" 
        	Comment="DMA2_Channel2_IRQ"                               
        	CommentCH="DMA2_Channel2_IRQ"                          
        	Diagnostic="dma2 channel 2 global interrupt"                                       
        	DiagnosticCH="DMA2通道2全局中断"            
        	Value="DMA2_Channel2_IRQn,N,Y:N,Y:0,Y:0,DMA2_Channel2_IRQHandler"/>
        	
        <PossibleValue 
        	Condition="DMA2_Channel3" 
        	Comment="DMA2_Channel3_IRQ"                               
        	CommentCH="DMA2_Channel3_IRQ"                          
        	Diagnostic="dma2 channel 3 global interrupt"                                       
        	DiagnosticCH="DMA2通道3全局中断"            
        	Value="DMA2_Channel3_IRQn,N,Y:N,Y:0,Y:0,DMA2_Channel3_IRQHandler"/>
        	
        <PossibleValue 
        	Condition="DMA2_Channel4;DMA2_Channel5" 
        	Comment="DMA2_Channel4_5_IRQ"                               
        	CommentCH="DMA2_Channel4_5_IRQ"                          
        	Diagnostic="dma2 channel 4 and dma2 channel 5 global interrupt"                                       
        	DiagnosticCH="DMA2通道4和DMA2通道5全局中断"            
        	Value="DMA2_Channel4_5_IRQn,N,Y:N,Y:0,Y:0,DMA2_Channel4_5_IRQHandler"/>

        <PossibleValue 
        	Condition="USB_OTGFS1;USB_HOST_OTGFS1;USB_DEVICE_OTGFS1" 
        	Comment="OTGFS1_IRQ"                                             
        	CommentCH="OTGFS1_IRQ"                                            
        	Diagnostic="otgfs1 global interrupt "                                                                  
        	DiagnosticCH="OTGFS1全局中断"                    
        	Value="OTGFS1_IRQn,N,Y:N,Y:0,Y:0,OTGFS1_IRQHandler"/>
           
        <PossibleValue 
        	Condition="CMP1" 
        	Comment="CMP1_IRQ"                                             
        	CommentCH="CMP1_IRQ"                                            
        	Diagnostic="comparator1 global interrupt"                                                                  
        	DiagnosticCH="比较器1全局中断"                    
        	Value="CMP1_IRQn,N,Y:N,Y:0,Y:0,CMP1_IRQHandler"/>
        	
        	<PossibleValue 
        	Condition="CMP2" 
        	Comment="CMP2_IRQ"                                             
        	CommentCH="CMP2_IRQ"                                            
        	Diagnostic="comparator2 global interrupt"                                                                  
        	DiagnosticCH="比较器2全局中断"                    
        	Value="CMP2_IRQn,N,Y:N,Y:0,Y:0,CMP2_IRQHandler"/>
           
        <PossibleValue 
        	Condition="DMA2_Channel6;DMA2_Channel7" 
        	Comment="DMA2_Channel6_7_IRQ"                               
        	CommentCH="DMA2_Channel6_7_IRQ"                          
        	Diagnostic="dma2 channel 6 and dma2 channel 7 global interrupt"                                       
        	DiagnosticCH="DMA2通道6和DMA2通道7全局中断"            
        	Value="DMA2_Channel6_7_IRQn,N,Y:N,Y:0,Y:0,DMA2_Channel6_7_IRQHandler"/>
    </RefParameter>
</IP>
