<?xml version="1.0" encoding="UTF-8" standalone="no"?>
<IP>
    <About>General-purpose I/Os</About>
    <AboutCH>通用和复用功能I/O</AboutCH>
    
    <RefParameter Name="GPIO_AF" Comment="GPIO Mux Function" CommentCH="GPIO复用功能" Type="list" DefaultValue="null" Visible="false"/>
    <RefParameter Name="GPIOx" Comment="GPIO address" CommentCH="GPIO外设地址" Type="list" Visible="false">
        <PossibleValue Value="GPIOA" Comment="Port A address" CommentCH="PA口地址"/>
        <PossibleValue Value="GPIOB" Comment="Port B address" CommentCH="PB口地址"/>
        <PossibleValue Value="GPIOC" Comment="Port C address" CommentCH="PC口地址"/>
        <PossibleValue Value="GPIOD" Comment="Port D address" CommentCH="PD口地址"/>
        <PossibleValue Value="GPIOE" Comment="Port E address" CommentCH="PE口地址"/>
        <PossibleValue Value="GPIOF" Comment="Port F address" CommentCH="PF口地址"/>
        <PossibleValue Value="GPIOG" Comment="Port G address" CommentCH="PG口地址"/>
        <PossibleValue Value="GPIOH" Comment="Port H address" CommentCH="PH口地址"/>
        <PossibleValue Value="GPIOI" Comment="Port I address" CommentCH="PI口地址"/>
        <PossibleValue Value="GPIOJ" Comment="Port J address" CommentCH="PJ口地址"/>
        <PossibleValue Value="GPIOK" Comment="Port K address" CommentCH="PK口地址"/>
    </RefParameter>
    <RefParameter Name="GPIO_Pin" Comment="GPIO pin mask" CommentCH="GPIO引脚屏蔽" Type="list" Visible="false"/>
    <RefParameter Name="GPIO_Type" Comment="GPIO type" CommentCH="GPIO类型" Type="list" DefaultValue="GPIO_OUTPUT_PUSH_PULL">
        <PossibleValue Value="GPIO_OUTPUT_PUSH_PULL" Comment="Push Pull" CommentCH="推挽"/>
        <PossibleValue Value="GPIO_OUTPUT_OPEN_DRAIN" Comment="Open Drain" CommentCH="开漏"/>
    </RefParameter>
    <RefParameter Name="GPIO_Mode" Comment="GPIO mode" CommentCH="GPIO模式" Type="list" DefaultValue="GPIO_MODE_MUX">
        <PossibleValue Value="GPIO_MODE_INPUT" Comment="Input mode" CommentCH="输入模式"/>
        <PossibleValue Value="GPIO_MODE_OUTPUT" Comment="Output mode" CommentCH="输出模式"/>
        <PossibleValue Value="GPIO_MODE_MUX" Comment="Mux function mode" CommentCH="复用功能模式"/>
        <PossibleValue Value="GPIO_MODE_ANALOG" Comment="Analog mode" CommentCH="模拟模式"/>
    </RefParameter>
    <RefParameter Name="GPIO_PullType" Comment="Pull type" CommentCH="上/下拉类型" Type="list" DefaultValue="GPIO_PULL_NONE">
        <PossibleValue Value="GPIO_PULL_NONE" Comment="Pull-none" CommentCH="无上/下拉"/>
    </RefParameter>
    <RefParameter Name="GPIO_PullType_Set" Comment="Pull type" CommentCH="上/下拉类型" Type="list" DefaultValue="GPIO_PULL_NONE">
        <PossibleValue Value="GPIO_PULL_NONE" Comment="Pull-none" CommentCH="无上/下拉"/>
        <PossibleValue Value="GPIO_PULL_UP" Comment="Pull-up" CommentCH="上拉"/>
        <PossibleValue Value="GPIO_PULL_DOWN" Comment="Pull-down" CommentCH="下拉"/>
    </RefParameter>
    <RefParameter Name="GPIO_DriverCapability" Comment="Driver capability" CommentCH="驱动能力" Type="list" DefaultValue="GPIO_DRIVE_STRENGTH_MODERATE">
        <PossibleValue Value="GPIO_DRIVE_STRENGTH_STRONGER" Comment="Stronger" CommentCH="较大"/>
        <PossibleValue Value="GPIO_DRIVE_STRENGTH_MODERATE" Comment="Moderate" CommentCH="适中"/>
    </RefParameter>
    <RefParameter Name="GPIO_Outputlevel" Comment="Output level" CommentCH="输出电平" Type="list" DefaultValue="GPIO_OUTPUTLEVEL_LOW">
        <PossibleValue Value="GPIO_OUTPUTLEVEL_LOW" Comment="Output level low" CommentCH="输出低电平"/>
        <PossibleValue Value="GPIO_OUTPUTLEVEL_HIGH" Comment="Output level high" CommentCH="输出高电平"/>
    </RefParameter>
    <RefMode Name="MuxOutputPushPull">
        <Parameter Name="GPIO_Type">
            <PossibleValue>GPIO_OUTPUT_PUSH_PULL</PossibleValue>
        </Parameter>
        <Parameter Name="GPIO_PullType"/>
        <Parameter Name="GPIO_Mode">
            <PossibleValue>GPIO_MODE_MUX</PossibleValue>
        </Parameter>
        <Parameter Name="GPIO_DriverCapability"/>
        <Parameter Name="GPIOx"/>
        <Parameter Name="GPIO_Pin"/>
    </RefMode>
    <RefMode Name="MuxOutputPushPull1">
        <Parameter Name="GPIO_Type">
            <PossibleValue>GPIO_OUTPUT_PUSH_PULL</PossibleValue>
        </Parameter>
        <Parameter Name="GPIO_PullType"/>
        <Parameter Name="GPIO_Mode">
            <PossibleValue>GPIO_MODE_MUX</PossibleValue>
        </Parameter>
        <Parameter Name="GPIO_DriverCapability"/>
        <Parameter Name="GPIOx"/>
        <Parameter Name="GPIO_Pin"/>
    </RefMode>
    <RefMode Name="MuxOutputPushPull2">
        <Parameter Name="GPIO_Type">
            <PossibleValue>GPIO_OUTPUT_PUSH_PULL</PossibleValue>
        </Parameter>
        <Parameter Name="GPIO_PullType"/>
        <Parameter Name="GPIO_Mode">
            <PossibleValue>GPIO_MODE_MUX</PossibleValue>
        </Parameter>
        <Parameter Name="GPIO_DriverCapability">
        	    <PossibleValue>GPIO_DRIVE_STRENGTH_STRONGER</PossibleValue>
        </Parameter>
        <Parameter Name="GPIOx"/>
        <Parameter Name="GPIO_Pin"/>
    </RefMode>
    <RefMode Name="MuxOutputOpenDrain">
        <Parameter Name="GPIO_Type">
            <PossibleValue>GPIO_OUTPUT_OPEN_DRAIN</PossibleValue>
        </Parameter>
        <Parameter Name="GPIO_PullType"/>
        <Parameter Name="GPIO_Mode">
            <PossibleValue>GPIO_MODE_MUX</PossibleValue>
        </Parameter>
        <Parameter Name="GPIO_DriverCapability"/>
        <Parameter Name="GPIOx"/>
        <Parameter Name="GPIO_Pin"/>
    </RefMode>
    <RefMode Name="MuxOutputPushPullOpenDrain">
        <Parameter Name="GPIO_Type"/>
        <Parameter Name="GPIO_PullType"/>
        <Parameter Name="GPIO_Mode">
            <PossibleValue>GPIO_MODE_MUX</PossibleValue>
        </Parameter>
        <Parameter Name="GPIO_DriverCapability"/>
        <Parameter Name="GPIOx"/>
        <Parameter Name="GPIO_Pin"/>
    </RefMode>
    <RefMode Name="Analog">
        <Parameter Name="GPIO_Mode">
            <PossibleValue>GPIO_MODE_ANALOG</PossibleValue>
        </Parameter>
        <Parameter Name="GPIO_PullType">
            <PossibleValue>GPIO_PULL_NONE</PossibleValue>
        </Parameter>
        <Parameter Name="GPIO_Pin"/>
    </RefMode>
    <RefMode Name="Input">
        <Parameter Name="GPIO_PullType_Set"/>
        <Parameter Name="GPIO_Mode">
            <PossibleValue>GPIO_MODE_INPUT</PossibleValue>
        </Parameter>
        <Parameter Name="GPIO_Pin"/>
    </RefMode>
    <RefMode Name="Output">
        <Parameter Name="GPIO_Outputlevel"/>
        <Parameter Name="GPIO_Type"/>
        <Parameter Name="GPIO_PullType"/>
        <Parameter Name="GPIO_Mode">
            <PossibleValue>GPIO_MODE_OUTPUT</PossibleValue>
        </Parameter>
        <Parameter Name="GPIO_DriverCapability"/>
        <Parameter Name="GPIO_Pin"/>
    </RefMode>
    <RefMode Name="EVENTOUT">
        <Parameter Name="GPIO_Type">
        </Parameter>
        <Parameter Name="GPIO_PullType"/>
        <Parameter Name="GPIO_Mode">
            <PossibleValue>GPIO_MODE_MUX</PossibleValue>
        </Parameter>
        <Parameter Name="GPIO_DriverCapability"/>
        <Parameter Name="GPIO_Pin"/>
    </RefMode>
    <RefMode Name="EXINT">
        <Parameter Name="GPIO_PullType_Set">
        </Parameter>
        <Parameter Name="GPIO_Mode">
            <PossibleValue>GPIO_MODE_INPUT</PossibleValue>
        </Parameter>
        <Parameter Name="GPIO_Pin"/>
    </RefMode>
    <RefMode Name="System"/>
    
        <GPIO_Pin PortName="PA" Name="PA0">
        <SpecificParameter Name="GPIO_x">
            <PossibleValue>GPIOA</PossibleValue>
        </SpecificParameter>
        <SpecificParameter Name="GPIO_Pin">
            <PossibleValue>GPIO_PINS_0</PossibleValue>
        </SpecificParameter>
        <SpecificParameter Name="GPIO_PinSource">
            <PossibleValue>GPIO_PINS_SOURCE0</PossibleValue>
        </SpecificParameter>
        <SpecificParameter Name="EXINT_LINE_x">
            <PossibleValue>EXINT_LINE_0</PossibleValue>
        </SpecificParameter>
        <SpecificParameter Name="SCFG_GPIO_x">
            <PossibleValue>GPIO_PORT_SOURCE_GPIOA</PossibleValue>
        </SpecificParameter>
        <SpecificParameter Name="SCFG_PINS_SOURCE_x">
            <PossibleValue>SCFG_PINS_SOURCE0</PossibleValue>
        </SpecificParameter>
    </GPIO_Pin>

    <GPIO_Pin PortName="PA" Name="PA1">
        <SpecificParameter Name="GPIO_x">
            <PossibleValue>GPIOA</PossibleValue>
        </SpecificParameter>
        <SpecificParameter Name="GPIO_Pin">
            <PossibleValue>GPIO_PINS_1</PossibleValue>
        </SpecificParameter>
        <SpecificParameter Name="GPIO_PinSource">
            <PossibleValue>GPIO_PINS_SOURCE1</PossibleValue>
        </SpecificParameter>
        <SpecificParameter Name="EXINT_LINE_x">
            <PossibleValue>EXINT_LINE_1</PossibleValue>
        </SpecificParameter>
        <SpecificParameter Name="SCFG_GPIO_x">
            <PossibleValue>GPIO_PORT_SOURCE_GPIOA</PossibleValue>
        </SpecificParameter>
        <SpecificParameter Name="SCFG_PINS_SOURCE_x">
            <PossibleValue>SCFG_PINS_SOURCE1</PossibleValue>
        </SpecificParameter>
    </GPIO_Pin>

    <GPIO_Pin PortName="PA" Name="PA2">
        <SpecificParameter Name="GPIO_x">
            <PossibleValue>GPIOA</PossibleValue>
        </SpecificParameter>
        <SpecificParameter Name="GPIO_Pin">
            <PossibleValue>GPIO_PINS_2</PossibleValue>
        </SpecificParameter>
        <SpecificParameter Name="GPIO_PinSource">
            <PossibleValue>GPIO_PINS_SOURCE2</PossibleValue>
        </SpecificParameter>
        <SpecificParameter Name="EXINT_LINE_x">
            <PossibleValue>EXINT_LINE_2</PossibleValue>
        </SpecificParameter>
        <SpecificParameter Name="SCFG_GPIO_x">
            <PossibleValue>GPIO_PORT_SOURCE_GPIOA</PossibleValue>
        </SpecificParameter>
        <SpecificParameter Name="SCFG_PINS_SOURCE_x">
            <PossibleValue>SCFG_PINS_SOURCE2</PossibleValue>
        </SpecificParameter>
    </GPIO_Pin>

    <GPIO_Pin PortName="PA" Name="PA3">
        <SpecificParameter Name="GPIO_x">
            <PossibleValue>GPIOA</PossibleValue>
        </SpecificParameter>
        <SpecificParameter Name="GPIO_Pin">
            <PossibleValue>GPIO_PINS_3</PossibleValue>
        </SpecificParameter>
        <SpecificParameter Name="GPIO_PinSource">
            <PossibleValue>GPIO_PINS_SOURCE3</PossibleValue>
        </SpecificParameter>
        <SpecificParameter Name="EXINT_LINE_x">
            <PossibleValue>EXINT_LINE_3</PossibleValue>
        </SpecificParameter>
        <SpecificParameter Name="SCFG_GPIO_x">
            <PossibleValue>GPIO_PORT_SOURCE_GPIOA</PossibleValue>
        </SpecificParameter>
        <SpecificParameter Name="SCFG_PINS_SOURCE_x">
            <PossibleValue>SCFG_PINS_SOURCE3</PossibleValue>
        </SpecificParameter>
    </GPIO_Pin>

    <GPIO_Pin PortName="PA" Name="PA4">
        <SpecificParameter Name="GPIO_x">
            <PossibleValue>GPIOA</PossibleValue>
        </SpecificParameter>
        <SpecificParameter Name="GPIO_Pin">
            <PossibleValue>GPIO_PINS_4</PossibleValue>
        </SpecificParameter>
        <SpecificParameter Name="GPIO_PinSource">
            <PossibleValue>GPIO_PINS_SOURCE4</PossibleValue>
        </SpecificParameter>
        <SpecificParameter Name="EXINT_LINE_x">
            <PossibleValue>EXINT_LINE_4</PossibleValue>
        </SpecificParameter>
        <SpecificParameter Name="SCFG_GPIO_x">
            <PossibleValue>GPIO_PORT_SOURCE_GPIOA</PossibleValue>
        </SpecificParameter>
        <SpecificParameter Name="SCFG_PINS_SOURCE_x">
            <PossibleValue>SCFG_PINS_SOURCE4</PossibleValue>
        </SpecificParameter>
    </GPIO_Pin>

    <GPIO_Pin PortName="PA" Name="PA5">
        <SpecificParameter Name="GPIO_x">
            <PossibleValue>GPIOA</PossibleValue>
        </SpecificParameter>
        <SpecificParameter Name="GPIO_Pin">
            <PossibleValue>GPIO_PINS_5</PossibleValue>
        </SpecificParameter>
        <SpecificParameter Name="GPIO_PinSource">
            <PossibleValue>GPIO_PINS_SOURCE5</PossibleValue>
        </SpecificParameter>
        <SpecificParameter Name="EXINT_LINE_x">
            <PossibleValue>EXINT_LINE_5</PossibleValue>
        </SpecificParameter>
        <SpecificParameter Name="SCFG_GPIO_x">
            <PossibleValue>GPIO_PORT_SOURCE_GPIOA</PossibleValue>
        </SpecificParameter>
        <SpecificParameter Name="SCFG_PINS_SOURCE_x">
            <PossibleValue>SCFG_PINS_SOURCE5</PossibleValue>
        </SpecificParameter>
    </GPIO_Pin>

    <GPIO_Pin PortName="PA" Name="PA6">
        <SpecificParameter Name="GPIO_x">
            <PossibleValue>GPIOA</PossibleValue>
        </SpecificParameter>
        <SpecificParameter Name="GPIO_Pin">
            <PossibleValue>GPIO_PINS_6</PossibleValue>
        </SpecificParameter>
        <SpecificParameter Name="GPIO_PinSource">
            <PossibleValue>GPIO_PINS_SOURCE6</PossibleValue>
        </SpecificParameter>
        <SpecificParameter Name="EXINT_LINE_x">
            <PossibleValue>EXINT_LINE_6</PossibleValue>
        </SpecificParameter>
        <SpecificParameter Name="SCFG_GPIO_x">
            <PossibleValue>GPIO_PORT_SOURCE_GPIOA</PossibleValue>
        </SpecificParameter>
        <SpecificParameter Name="SCFG_PINS_SOURCE_x">
            <PossibleValue>SCFG_PINS_SOURCE6</PossibleValue>
        </SpecificParameter>
    </GPIO_Pin>

    <GPIO_Pin PortName="PA" Name="PA7">
        <SpecificParameter Name="GPIO_x">
            <PossibleValue>GPIOA</PossibleValue>
        </SpecificParameter>
        <SpecificParameter Name="GPIO_Pin">
            <PossibleValue>GPIO_PINS_7</PossibleValue>
        </SpecificParameter>
        <SpecificParameter Name="GPIO_PinSource">
            <PossibleValue>GPIO_PINS_SOURCE7</PossibleValue>
        </SpecificParameter>
        <SpecificParameter Name="EXINT_LINE_x">
            <PossibleValue>EXINT_LINE_7</PossibleValue>
        </SpecificParameter>
        <SpecificParameter Name="SCFG_GPIO_x">
            <PossibleValue>GPIO_PORT_SOURCE_GPIOA</PossibleValue>
        </SpecificParameter>
        <SpecificParameter Name="SCFG_PINS_SOURCE_x">
            <PossibleValue>SCFG_PINS_SOURCE7</PossibleValue>
        </SpecificParameter>
    </GPIO_Pin>

    <GPIO_Pin PortName="PA" Name="PA8">
        <SpecificParameter Name="GPIO_x">
            <PossibleValue>GPIOA</PossibleValue>
        </SpecificParameter>
        <SpecificParameter Name="GPIO_Pin">
            <PossibleValue>GPIO_PINS_8</PossibleValue>
        </SpecificParameter>
        <SpecificParameter Name="GPIO_PinSource">
            <PossibleValue>GPIO_PINS_SOURCE8</PossibleValue>
        </SpecificParameter>
        <SpecificParameter Name="EXINT_LINE_x">
            <PossibleValue>EXINT_LINE_8</PossibleValue>
        </SpecificParameter>
        <SpecificParameter Name="SCFG_GPIO_x">
            <PossibleValue>GPIO_PORT_SOURCE_GPIOA</PossibleValue>
        </SpecificParameter>
        <SpecificParameter Name="SCFG_PINS_SOURCE_x">
            <PossibleValue>SCFG_PINS_SOURCE8</PossibleValue>
        </SpecificParameter>
    </GPIO_Pin>

    <GPIO_Pin PortName="PA" Name="PA9">
        <SpecificParameter Name="GPIO_x">
            <PossibleValue>GPIOA</PossibleValue>
        </SpecificParameter>
        <SpecificParameter Name="GPIO_Pin">
            <PossibleValue>GPIO_PINS_9</PossibleValue>
        </SpecificParameter>
        <SpecificParameter Name="GPIO_PinSource">
            <PossibleValue>GPIO_PINS_SOURCE9</PossibleValue>
        </SpecificParameter>
        <SpecificParameter Name="EXINT_LINE_x">
            <PossibleValue>EXINT_LINE_9</PossibleValue>
        </SpecificParameter>
        <SpecificParameter Name="SCFG_GPIO_x">
            <PossibleValue>GPIO_PORT_SOURCE_GPIOA</PossibleValue>
        </SpecificParameter>
        <SpecificParameter Name="SCFG_PINS_SOURCE_x">
            <PossibleValue>SCFG_PINS_SOURCE9</PossibleValue>
        </SpecificParameter>
    </GPIO_Pin>

    <GPIO_Pin PortName="PA" Name="PA10">
        <SpecificParameter Name="GPIO_x">
            <PossibleValue>GPIOA</PossibleValue>
        </SpecificParameter>
        <SpecificParameter Name="GPIO_Pin">
            <PossibleValue>GPIO_PINS_10</PossibleValue>
        </SpecificParameter>
        <SpecificParameter Name="GPIO_PinSource">
            <PossibleValue>GPIO_PINS_SOURCE10</PossibleValue>
        </SpecificParameter>
        <SpecificParameter Name="EXINT_LINE_x">
            <PossibleValue>EXINT_LINE_10</PossibleValue>
        </SpecificParameter>
        <SpecificParameter Name="SCFG_GPIO_x">
            <PossibleValue>GPIO_PORT_SOURCE_GPIOA</PossibleValue>
        </SpecificParameter>
        <SpecificParameter Name="SCFG_PINS_SOURCE_x">
            <PossibleValue>SCFG_PINS_SOURCE10</PossibleValue>
        </SpecificParameter>
    </GPIO_Pin>

    <GPIO_Pin PortName="PA" Name="PA11">
        <SpecificParameter Name="GPIO_x">
            <PossibleValue>GPIOA</PossibleValue>
        </SpecificParameter>
        <SpecificParameter Name="GPIO_Pin">
            <PossibleValue>GPIO_PINS_11</PossibleValue>
        </SpecificParameter>
        <SpecificParameter Name="GPIO_PinSource">
            <PossibleValue>GPIO_PINS_SOURCE11</PossibleValue>
        </SpecificParameter>
        <SpecificParameter Name="EXINT_LINE_x">
            <PossibleValue>EXINT_LINE_11</PossibleValue>
        </SpecificParameter>
        <SpecificParameter Name="SCFG_GPIO_x">
            <PossibleValue>GPIO_PORT_SOURCE_GPIOA</PossibleValue>
        </SpecificParameter>
        <SpecificParameter Name="SCFG_PINS_SOURCE_x">
            <PossibleValue>SCFG_PINS_SOURCE11</PossibleValue>
        </SpecificParameter>
    </GPIO_Pin>

    <GPIO_Pin PortName="PA" Name="PA12">
        <SpecificParameter Name="GPIO_x">
            <PossibleValue>GPIOA</PossibleValue>
        </SpecificParameter>
        <SpecificParameter Name="GPIO_Pin">
            <PossibleValue>GPIO_PINS_12</PossibleValue>
        </SpecificParameter>
        <SpecificParameter Name="GPIO_PinSource">
            <PossibleValue>GPIO_PINS_SOURCE12</PossibleValue>
        </SpecificParameter>
        <SpecificParameter Name="EXINT_LINE_x">
            <PossibleValue>EXINT_LINE_12</PossibleValue>
        </SpecificParameter>
        <SpecificParameter Name="SCFG_GPIO_x">
            <PossibleValue>GPIO_PORT_SOURCE_GPIOA</PossibleValue>
        </SpecificParameter>
        <SpecificParameter Name="SCFG_PINS_SOURCE_x">
            <PossibleValue>SCFG_PINS_SOURCE12</PossibleValue>
        </SpecificParameter>
    </GPIO_Pin>

    <GPIO_Pin PortName="PA" Name="PA13">
        <SpecificParameter Name="GPIO_x">
            <PossibleValue>GPIOA</PossibleValue>
        </SpecificParameter>
        <SpecificParameter Name="GPIO_Pin">
            <PossibleValue>GPIO_PINS_13</PossibleValue>
        </SpecificParameter>
        <SpecificParameter Name="GPIO_PinSource">
            <PossibleValue>GPIO_PINS_SOURCE13</PossibleValue>
        </SpecificParameter>
        <SpecificParameter Name="EXINT_LINE_x">
            <PossibleValue>EXINT_LINE_13</PossibleValue>
        </SpecificParameter>
        <SpecificParameter Name="SCFG_GPIO_x">
            <PossibleValue>GPIO_PORT_SOURCE_GPIOA</PossibleValue>
        </SpecificParameter>
        <SpecificParameter Name="SCFG_PINS_SOURCE_x">
            <PossibleValue>SCFG_PINS_SOURCE13</PossibleValue>
        </SpecificParameter>
    </GPIO_Pin>

    <GPIO_Pin PortName="PA" Name="PA14">
        <SpecificParameter Name="GPIO_x">
            <PossibleValue>GPIOA</PossibleValue>
        </SpecificParameter>
        <SpecificParameter Name="GPIO_Pin">
            <PossibleValue>GPIO_PINS_14</PossibleValue>
        </SpecificParameter>
        <SpecificParameter Name="GPIO_PinSource">
            <PossibleValue>GPIO_PINS_SOURCE14</PossibleValue>
        </SpecificParameter>
        <SpecificParameter Name="EXINT_LINE_x">
            <PossibleValue>EXINT_LINE_14</PossibleValue>
        </SpecificParameter>
        <SpecificParameter Name="SCFG_GPIO_x">
            <PossibleValue>GPIO_PORT_SOURCE_GPIOA</PossibleValue>
        </SpecificParameter>
        <SpecificParameter Name="SCFG_PINS_SOURCE_x">
            <PossibleValue>SCFG_PINS_SOURCE14</PossibleValue>
        </SpecificParameter>
    </GPIO_Pin>

    <GPIO_Pin PortName="PA" Name="PA15">
        <SpecificParameter Name="GPIO_x">
            <PossibleValue>GPIOA</PossibleValue>
        </SpecificParameter>
        <SpecificParameter Name="GPIO_Pin">
            <PossibleValue>GPIO_PINS_15</PossibleValue>
        </SpecificParameter>
        <SpecificParameter Name="GPIO_PinSource">
            <PossibleValue>GPIO_PINS_SOURCE15</PossibleValue>
        </SpecificParameter>
        <SpecificParameter Name="EXINT_LINE_x">
            <PossibleValue>EXINT_LINE_15</PossibleValue>
        </SpecificParameter>
        <SpecificParameter Name="SCFG_GPIO_x">
            <PossibleValue>GPIO_PORT_SOURCE_GPIOA</PossibleValue>
        </SpecificParameter>
        <SpecificParameter Name="SCFG_PINS_SOURCE_x">
            <PossibleValue>SCFG_PINS_SOURCE15</PossibleValue>
        </SpecificParameter>
    </GPIO_Pin>

    <GPIO_Pin PortName="PB" Name="PB0">
        <SpecificParameter Name="GPIO_x">
            <PossibleValue>GPIOB</PossibleValue>
        </SpecificParameter>
        <SpecificParameter Name="GPIO_Pin">
            <PossibleValue>GPIO_PINS_0</PossibleValue>
        </SpecificParameter>
        <SpecificParameter Name="GPIO_PinSource">
            <PossibleValue>GPIO_PINS_SOURCE0</PossibleValue>
        </SpecificParameter>
        <SpecificParameter Name="EXINT_LINE_x">
            <PossibleValue>EXINT_LINE_0</PossibleValue>
        </SpecificParameter>
        <SpecificParameter Name="SCFG_GPIO_x">
            <PossibleValue>GPIO_PORT_SOURCE_GPIOB</PossibleValue>
        </SpecificParameter>
        <SpecificParameter Name="SCFG_PINS_SOURCE_x">
            <PossibleValue>SCFG_PINS_SOURCE0</PossibleValue>
        </SpecificParameter>
    </GPIO_Pin>

    <GPIO_Pin PortName="PB" Name="PB1">
        <SpecificParameter Name="GPIO_x">
            <PossibleValue>GPIOB</PossibleValue>
        </SpecificParameter>
        <SpecificParameter Name="GPIO_Pin">
            <PossibleValue>GPIO_PINS_1</PossibleValue>
        </SpecificParameter>
        <SpecificParameter Name="GPIO_PinSource">
            <PossibleValue>GPIO_PINS_SOURCE1</PossibleValue>
        </SpecificParameter>
        <SpecificParameter Name="EXINT_LINE_x">
            <PossibleValue>EXINT_LINE_1</PossibleValue>
        </SpecificParameter>
        <SpecificParameter Name="SCFG_GPIO_x">
            <PossibleValue>GPIO_PORT_SOURCE_GPIOB</PossibleValue>
        </SpecificParameter>
        <SpecificParameter Name="SCFG_PINS_SOURCE_x">
            <PossibleValue>SCFG_PINS_SOURCE1</PossibleValue>
        </SpecificParameter>
    </GPIO_Pin>

    <GPIO_Pin PortName="PB" Name="PB2">
        <SpecificParameter Name="GPIO_x">
            <PossibleValue>GPIOB</PossibleValue>
        </SpecificParameter>
        <SpecificParameter Name="GPIO_Pin">
            <PossibleValue>GPIO_PINS_2</PossibleValue>
        </SpecificParameter>
        <SpecificParameter Name="GPIO_PinSource">
            <PossibleValue>GPIO_PINS_SOURCE2</PossibleValue>
        </SpecificParameter>
        <SpecificParameter Name="EXINT_LINE_x">
            <PossibleValue>EXINT_LINE_2</PossibleValue>
        </SpecificParameter>
        <SpecificParameter Name="SCFG_GPIO_x">
            <PossibleValue>GPIO_PORT_SOURCE_GPIOB</PossibleValue>
        </SpecificParameter>
        <SpecificParameter Name="SCFG_PINS_SOURCE_x">
            <PossibleValue>SCFG_PINS_SOURCE2</PossibleValue>
        </SpecificParameter>
    </GPIO_Pin>

    <GPIO_Pin PortName="PB" Name="PB3">
        <SpecificParameter Name="GPIO_x">
            <PossibleValue>GPIOB</PossibleValue>
        </SpecificParameter>
        <SpecificParameter Name="GPIO_Pin">
            <PossibleValue>GPIO_PINS_3</PossibleValue>
        </SpecificParameter>
        <SpecificParameter Name="GPIO_PinSource">
            <PossibleValue>GPIO_PINS_SOURCE3</PossibleValue>
        </SpecificParameter>
        <SpecificParameter Name="EXINT_LINE_x">
            <PossibleValue>EXINT_LINE_3</PossibleValue>
        </SpecificParameter>
        <SpecificParameter Name="SCFG_GPIO_x">
            <PossibleValue>GPIO_PORT_SOURCE_GPIOB</PossibleValue>
        </SpecificParameter>
        <SpecificParameter Name="SCFG_PINS_SOURCE_x">
            <PossibleValue>SCFG_PINS_SOURCE3</PossibleValue>
        </SpecificParameter>
    </GPIO_Pin>

    <GPIO_Pin PortName="PB" Name="PB4">
        <SpecificParameter Name="GPIO_x">
            <PossibleValue>GPIOB</PossibleValue>
        </SpecificParameter>
        <SpecificParameter Name="GPIO_Pin">
            <PossibleValue>GPIO_PINS_4</PossibleValue>
        </SpecificParameter>
        <SpecificParameter Name="GPIO_PinSource">
            <PossibleValue>GPIO_PINS_SOURCE4</PossibleValue>
        </SpecificParameter>
        <SpecificParameter Name="EXINT_LINE_x">
            <PossibleValue>EXINT_LINE_4</PossibleValue>
        </SpecificParameter>
        <SpecificParameter Name="SCFG_GPIO_x">
            <PossibleValue>GPIO_PORT_SOURCE_GPIOB</PossibleValue>
        </SpecificParameter>
        <SpecificParameter Name="SCFG_PINS_SOURCE_x">
            <PossibleValue>SCFG_PINS_SOURCE4</PossibleValue>
        </SpecificParameter>
    </GPIO_Pin>

    <GPIO_Pin PortName="PB" Name="PB5">
        <SpecificParameter Name="GPIO_x">
            <PossibleValue>GPIOB</PossibleValue>
        </SpecificParameter>
        <SpecificParameter Name="GPIO_Pin">
            <PossibleValue>GPIO_PINS_5</PossibleValue>
        </SpecificParameter>
        <SpecificParameter Name="GPIO_PinSource">
            <PossibleValue>GPIO_PINS_SOURCE5</PossibleValue>
        </SpecificParameter>
        <SpecificParameter Name="EXINT_LINE_x">
            <PossibleValue>EXINT_LINE_5</PossibleValue>
        </SpecificParameter>
        <SpecificParameter Name="SCFG_GPIO_x">
            <PossibleValue>GPIO_PORT_SOURCE_GPIOB</PossibleValue>
        </SpecificParameter>
        <SpecificParameter Name="SCFG_PINS_SOURCE_x">
            <PossibleValue>SCFG_PINS_SOURCE5</PossibleValue>
        </SpecificParameter>
    </GPIO_Pin>

    <GPIO_Pin PortName="PB" Name="PB6">
        <SpecificParameter Name="GPIO_x">
            <PossibleValue>GPIOB</PossibleValue>
        </SpecificParameter>
        <SpecificParameter Name="GPIO_Pin">
            <PossibleValue>GPIO_PINS_6</PossibleValue>
        </SpecificParameter>
        <SpecificParameter Name="GPIO_PinSource">
            <PossibleValue>GPIO_PINS_SOURCE6</PossibleValue>
        </SpecificParameter>
        <SpecificParameter Name="EXINT_LINE_x">
            <PossibleValue>EXINT_LINE_6</PossibleValue>
        </SpecificParameter>
        <SpecificParameter Name="SCFG_GPIO_x">
            <PossibleValue>GPIO_PORT_SOURCE_GPIOB</PossibleValue>
        </SpecificParameter>
        <SpecificParameter Name="SCFG_PINS_SOURCE_x">
            <PossibleValue>SCFG_PINS_SOURCE6</PossibleValue>
        </SpecificParameter>
    </GPIO_Pin>

    <GPIO_Pin PortName="PB" Name="PB7">
        <SpecificParameter Name="GPIO_x">
            <PossibleValue>GPIOB</PossibleValue>
        </SpecificParameter>
        <SpecificParameter Name="GPIO_Pin">
            <PossibleValue>GPIO_PINS_7</PossibleValue>
        </SpecificParameter>
        <SpecificParameter Name="GPIO_PinSource">
            <PossibleValue>GPIO_PINS_SOURCE7</PossibleValue>
        </SpecificParameter>
        <SpecificParameter Name="EXINT_LINE_x">
            <PossibleValue>EXINT_LINE_7</PossibleValue>
        </SpecificParameter>
        <SpecificParameter Name="SCFG_GPIO_x">
            <PossibleValue>GPIO_PORT_SOURCE_GPIOB</PossibleValue>
        </SpecificParameter>
        <SpecificParameter Name="SCFG_PINS_SOURCE_x">
            <PossibleValue>SCFG_PINS_SOURCE7</PossibleValue>
        </SpecificParameter>
    </GPIO_Pin>

    <GPIO_Pin PortName="PB" Name="PB8">
        <SpecificParameter Name="GPIO_x">
            <PossibleValue>GPIOB</PossibleValue>
        </SpecificParameter>
        <SpecificParameter Name="GPIO_Pin">
            <PossibleValue>GPIO_PINS_8</PossibleValue>
        </SpecificParameter>
        <SpecificParameter Name="GPIO_PinSource">
            <PossibleValue>GPIO_PINS_SOURCE8</PossibleValue>
        </SpecificParameter>
        <SpecificParameter Name="EXINT_LINE_x">
            <PossibleValue>EXINT_LINE_8</PossibleValue>
        </SpecificParameter>
        <SpecificParameter Name="SCFG_GPIO_x">
            <PossibleValue>GPIO_PORT_SOURCE_GPIOB</PossibleValue>
        </SpecificParameter>
        <SpecificParameter Name="SCFG_PINS_SOURCE_x">
            <PossibleValue>SCFG_PINS_SOURCE8</PossibleValue>
        </SpecificParameter>
    </GPIO_Pin>

    <GPIO_Pin PortName="PB" Name="PB9">
        <SpecificParameter Name="GPIO_x">
            <PossibleValue>GPIOB</PossibleValue>
        </SpecificParameter>
        <SpecificParameter Name="GPIO_Pin">
            <PossibleValue>GPIO_PINS_9</PossibleValue>
        </SpecificParameter>
        <SpecificParameter Name="GPIO_PinSource">
            <PossibleValue>GPIO_PINS_SOURCE9</PossibleValue>
        </SpecificParameter>
        <SpecificParameter Name="EXINT_LINE_x">
            <PossibleValue>EXINT_LINE_9</PossibleValue>
        </SpecificParameter>
        <SpecificParameter Name="SCFG_GPIO_x">
            <PossibleValue>GPIO_PORT_SOURCE_GPIOB</PossibleValue>
        </SpecificParameter>
        <SpecificParameter Name="SCFG_PINS_SOURCE_x">
            <PossibleValue>SCFG_PINS_SOURCE9</PossibleValue>
        </SpecificParameter>
    </GPIO_Pin>

    <GPIO_Pin PortName="PB" Name="PB10">
        <SpecificParameter Name="GPIO_x">
            <PossibleValue>GPIOB</PossibleValue>
        </SpecificParameter>
        <SpecificParameter Name="GPIO_Pin">
            <PossibleValue>GPIO_PINS_10</PossibleValue>
        </SpecificParameter>
        <SpecificParameter Name="GPIO_PinSource">
            <PossibleValue>GPIO_PINS_SOURCE10</PossibleValue>
        </SpecificParameter>
        <SpecificParameter Name="EXINT_LINE_x">
            <PossibleValue>EXINT_LINE_10</PossibleValue>
        </SpecificParameter>
        <SpecificParameter Name="SCFG_GPIO_x">
            <PossibleValue>GPIO_PORT_SOURCE_GPIOB</PossibleValue>
        </SpecificParameter>
        <SpecificParameter Name="SCFG_PINS_SOURCE_x">
            <PossibleValue>SCFG_PINS_SOURCE10</PossibleValue>
        </SpecificParameter>
    </GPIO_Pin>

    <GPIO_Pin PortName="PB" Name="PB11">
        <SpecificParameter Name="GPIO_x">
            <PossibleValue>GPIOB</PossibleValue>
        </SpecificParameter>
        <SpecificParameter Name="GPIO_Pin">
            <PossibleValue>GPIO_PINS_11</PossibleValue>
        </SpecificParameter>
        <SpecificParameter Name="GPIO_PinSource">
            <PossibleValue>GPIO_PINS_SOURCE11</PossibleValue>
        </SpecificParameter>
        <SpecificParameter Name="EXINT_LINE_x">
            <PossibleValue>EXINT_LINE_11</PossibleValue>
        </SpecificParameter>
        <SpecificParameter Name="SCFG_GPIO_x">
            <PossibleValue>GPIO_PORT_SOURCE_GPIOB</PossibleValue>
        </SpecificParameter>
        <SpecificParameter Name="SCFG_PINS_SOURCE_x">
            <PossibleValue>SCFG_PINS_SOURCE11</PossibleValue>
        </SpecificParameter>
    </GPIO_Pin>

    <GPIO_Pin PortName="PB" Name="PB12">
        <SpecificParameter Name="GPIO_x">
            <PossibleValue>GPIOB</PossibleValue>
        </SpecificParameter>
        <SpecificParameter Name="GPIO_Pin">
            <PossibleValue>GPIO_PINS_12</PossibleValue>
        </SpecificParameter>
        <SpecificParameter Name="GPIO_PinSource">
            <PossibleValue>GPIO_PINS_SOURCE12</PossibleValue>
        </SpecificParameter>
        <SpecificParameter Name="EXINT_LINE_x">
            <PossibleValue>EXINT_LINE_12</PossibleValue>
        </SpecificParameter>
        <SpecificParameter Name="SCFG_GPIO_x">
            <PossibleValue>GPIO_PORT_SOURCE_GPIOB</PossibleValue>
        </SpecificParameter>
        <SpecificParameter Name="SCFG_PINS_SOURCE_x">
            <PossibleValue>SCFG_PINS_SOURCE12</PossibleValue>
        </SpecificParameter>
    </GPIO_Pin>

    <GPIO_Pin PortName="PB" Name="PB13">
        <SpecificParameter Name="GPIO_x">
            <PossibleValue>GPIOB</PossibleValue>
        </SpecificParameter>
        <SpecificParameter Name="GPIO_Pin">
            <PossibleValue>GPIO_PINS_13</PossibleValue>
        </SpecificParameter>
        <SpecificParameter Name="GPIO_PinSource">
            <PossibleValue>GPIO_PINS_SOURCE13</PossibleValue>
        </SpecificParameter>
        <SpecificParameter Name="EXINT_LINE_x">
            <PossibleValue>EXINT_LINE_13</PossibleValue>
        </SpecificParameter>
        <SpecificParameter Name="SCFG_GPIO_x">
            <PossibleValue>GPIO_PORT_SOURCE_GPIOB</PossibleValue>
        </SpecificParameter>
        <SpecificParameter Name="SCFG_PINS_SOURCE_x">
            <PossibleValue>SCFG_PINS_SOURCE13</PossibleValue>
        </SpecificParameter>
    </GPIO_Pin>

    <GPIO_Pin PortName="PB" Name="PB14">
        <SpecificParameter Name="GPIO_x">
            <PossibleValue>GPIOB</PossibleValue>
        </SpecificParameter>
        <SpecificParameter Name="GPIO_Pin">
            <PossibleValue>GPIO_PINS_14</PossibleValue>
        </SpecificParameter>
        <SpecificParameter Name="GPIO_PinSource">
            <PossibleValue>GPIO_PINS_SOURCE14</PossibleValue>
        </SpecificParameter>
        <SpecificParameter Name="EXINT_LINE_x">
            <PossibleValue>EXINT_LINE_14</PossibleValue>
        </SpecificParameter>
        <SpecificParameter Name="SCFG_GPIO_x">
            <PossibleValue>GPIO_PORT_SOURCE_GPIOB</PossibleValue>
        </SpecificParameter>
        <SpecificParameter Name="SCFG_PINS_SOURCE_x">
            <PossibleValue>SCFG_PINS_SOURCE14</PossibleValue>
        </SpecificParameter>
    </GPIO_Pin>

    <GPIO_Pin PortName="PB" Name="PB15">
        <SpecificParameter Name="GPIO_x">
            <PossibleValue>GPIOB</PossibleValue>
        </SpecificParameter>
        <SpecificParameter Name="GPIO_Pin">
            <PossibleValue>GPIO_PINS_15</PossibleValue>
        </SpecificParameter>
        <SpecificParameter Name="GPIO_PinSource">
            <PossibleValue>GPIO_PINS_SOURCE15</PossibleValue>
        </SpecificParameter>
        <SpecificParameter Name="EXINT_LINE_x">
            <PossibleValue>EXINT_LINE_15</PossibleValue>
        </SpecificParameter>
        <SpecificParameter Name="SCFG_GPIO_x">
            <PossibleValue>GPIO_PORT_SOURCE_GPIOB</PossibleValue>
        </SpecificParameter>
        <SpecificParameter Name="SCFG_PINS_SOURCE_x">
            <PossibleValue>SCFG_PINS_SOURCE15</PossibleValue>
        </SpecificParameter>
    </GPIO_Pin>

    <GPIO_Pin PortName="PC" Name="PC0">
        <SpecificParameter Name="GPIO_x">
            <PossibleValue>GPIOC</PossibleValue>
        </SpecificParameter>
        <SpecificParameter Name="GPIO_Pin">
            <PossibleValue>GPIO_PINS_0</PossibleValue>
        </SpecificParameter>
        <SpecificParameter Name="GPIO_PinSource">
            <PossibleValue>GPIO_PINS_SOURCE0</PossibleValue>
        </SpecificParameter>
        <SpecificParameter Name="EXINT_LINE_x">
            <PossibleValue>EXINT_LINE_0</PossibleValue>
        </SpecificParameter>
        <SpecificParameter Name="SCFG_GPIO_x">
            <PossibleValue>GPIO_PORT_SOURCE_GPIOC</PossibleValue>
        </SpecificParameter>
        <SpecificParameter Name="SCFG_PINS_SOURCE_x">
            <PossibleValue>SCFG_PINS_SOURCE0</PossibleValue>
        </SpecificParameter>
    </GPIO_Pin>

    <GPIO_Pin PortName="PC" Name="PC1">
        <SpecificParameter Name="GPIO_x">
            <PossibleValue>GPIOC</PossibleValue>
        </SpecificParameter>
        <SpecificParameter Name="GPIO_Pin">
            <PossibleValue>GPIO_PINS_1</PossibleValue>
        </SpecificParameter>
        <SpecificParameter Name="GPIO_PinSource">
            <PossibleValue>GPIO_PINS_SOURCE1</PossibleValue>
        </SpecificParameter>
        <SpecificParameter Name="EXINT_LINE_x">
            <PossibleValue>EXINT_LINE_1</PossibleValue>
        </SpecificParameter>
        <SpecificParameter Name="SCFG_GPIO_x">
            <PossibleValue>GPIO_PORT_SOURCE_GPIOC</PossibleValue>
        </SpecificParameter>
        <SpecificParameter Name="SCFG_PINS_SOURCE_x">
            <PossibleValue>SCFG_PINS_SOURCE1</PossibleValue>
        </SpecificParameter>
    </GPIO_Pin>

    <GPIO_Pin PortName="PC" Name="PC2">
        <SpecificParameter Name="GPIO_x">
            <PossibleValue>GPIOC</PossibleValue>
        </SpecificParameter>
        <SpecificParameter Name="GPIO_Pin">
            <PossibleValue>GPIO_PINS_2</PossibleValue>
        </SpecificParameter>
        <SpecificParameter Name="GPIO_PinSource">
            <PossibleValue>GPIO_PINS_SOURCE2</PossibleValue>
        </SpecificParameter>
        <SpecificParameter Name="EXINT_LINE_x">
            <PossibleValue>EXINT_LINE_2</PossibleValue>
        </SpecificParameter>
        <SpecificParameter Name="SCFG_GPIO_x">
            <PossibleValue>GPIO_PORT_SOURCE_GPIOC</PossibleValue>
        </SpecificParameter>
        <SpecificParameter Name="SCFG_PINS_SOURCE_x">
            <PossibleValue>SCFG_PINS_SOURCE2</PossibleValue>
        </SpecificParameter>
    </GPIO_Pin>

    <GPIO_Pin PortName="PC" Name="PC3">
        <SpecificParameter Name="GPIO_x">
            <PossibleValue>GPIOC</PossibleValue>
        </SpecificParameter>
        <SpecificParameter Name="GPIO_Pin">
            <PossibleValue>GPIO_PINS_3</PossibleValue>
        </SpecificParameter>
        <SpecificParameter Name="GPIO_PinSource">
            <PossibleValue>GPIO_PINS_SOURCE3</PossibleValue>
        </SpecificParameter>
        <SpecificParameter Name="EXINT_LINE_x">
            <PossibleValue>EXINT_LINE_3</PossibleValue>
        </SpecificParameter>
        <SpecificParameter Name="SCFG_GPIO_x">
            <PossibleValue>GPIO_PORT_SOURCE_GPIOC</PossibleValue>
        </SpecificParameter>
        <SpecificParameter Name="SCFG_PINS_SOURCE_x">
            <PossibleValue>SCFG_PINS_SOURCE3</PossibleValue>
        </SpecificParameter>
    </GPIO_Pin>

    <GPIO_Pin PortName="PC" Name="PC4">
        <SpecificParameter Name="GPIO_x">
            <PossibleValue>GPIOC</PossibleValue>
        </SpecificParameter>
        <SpecificParameter Name="GPIO_Pin">
            <PossibleValue>GPIO_PINS_4</PossibleValue>
        </SpecificParameter>
        <SpecificParameter Name="GPIO_PinSource">
            <PossibleValue>GPIO_PINS_SOURCE4</PossibleValue>
        </SpecificParameter>
        <SpecificParameter Name="EXINT_LINE_x">
            <PossibleValue>EXINT_LINE_4</PossibleValue>
        </SpecificParameter>
        <SpecificParameter Name="SCFG_GPIO_x">
            <PossibleValue>GPIO_PORT_SOURCE_GPIOC</PossibleValue>
        </SpecificParameter>
        <SpecificParameter Name="SCFG_PINS_SOURCE_x">
            <PossibleValue>SCFG_PINS_SOURCE4</PossibleValue>
        </SpecificParameter>
    </GPIO_Pin>

    <GPIO_Pin PortName="PC" Name="PC5">
        <SpecificParameter Name="GPIO_x">
            <PossibleValue>GPIOC</PossibleValue>
        </SpecificParameter>
        <SpecificParameter Name="GPIO_Pin">
            <PossibleValue>GPIO_PINS_5</PossibleValue>
        </SpecificParameter>
        <SpecificParameter Name="GPIO_PinSource">
            <PossibleValue>GPIO_PINS_SOURCE5</PossibleValue>
        </SpecificParameter>
        <SpecificParameter Name="EXINT_LINE_x">
            <PossibleValue>EXINT_LINE_5</PossibleValue>
        </SpecificParameter>
        <SpecificParameter Name="SCFG_GPIO_x">
            <PossibleValue>GPIO_PORT_SOURCE_GPIOC</PossibleValue>
        </SpecificParameter>
        <SpecificParameter Name="SCFG_PINS_SOURCE_x">
            <PossibleValue>SCFG_PINS_SOURCE5</PossibleValue>
        </SpecificParameter>
    </GPIO_Pin>

    <GPIO_Pin PortName="PC" Name="PC6">
        <SpecificParameter Name="GPIO_x">
            <PossibleValue>GPIOC</PossibleValue>
        </SpecificParameter>
        <SpecificParameter Name="GPIO_Pin">
            <PossibleValue>GPIO_PINS_6</PossibleValue>
        </SpecificParameter>
        <SpecificParameter Name="GPIO_PinSource">
            <PossibleValue>GPIO_PINS_SOURCE6</PossibleValue>
        </SpecificParameter>
        <SpecificParameter Name="EXINT_LINE_x">
            <PossibleValue>EXINT_LINE_6</PossibleValue>
        </SpecificParameter>
        <SpecificParameter Name="SCFG_GPIO_x">
            <PossibleValue>GPIO_PORT_SOURCE_GPIOC</PossibleValue>
        </SpecificParameter>
        <SpecificParameter Name="SCFG_PINS_SOURCE_x">
            <PossibleValue>SCFG_PINS_SOURCE6</PossibleValue>
        </SpecificParameter>
    </GPIO_Pin>

    <GPIO_Pin PortName="PC" Name="PC7">
        <SpecificParameter Name="GPIO_x">
            <PossibleValue>GPIOC</PossibleValue>
        </SpecificParameter>
        <SpecificParameter Name="GPIO_Pin">
            <PossibleValue>GPIO_PINS_7</PossibleValue>
        </SpecificParameter>
        <SpecificParameter Name="GPIO_PinSource">
            <PossibleValue>GPIO_PINS_SOURCE7</PossibleValue>
        </SpecificParameter>
        <SpecificParameter Name="EXINT_LINE_x">
            <PossibleValue>EXINT_LINE_7</PossibleValue>
        </SpecificParameter>
        <SpecificParameter Name="SCFG_GPIO_x">
            <PossibleValue>GPIO_PORT_SOURCE_GPIOC</PossibleValue>
        </SpecificParameter>
        <SpecificParameter Name="SCFG_PINS_SOURCE_x">
            <PossibleValue>SCFG_PINS_SOURCE7</PossibleValue>
        </SpecificParameter>
    </GPIO_Pin>

    <GPIO_Pin PortName="PC" Name="PC8">
        <SpecificParameter Name="GPIO_x">
            <PossibleValue>GPIOC</PossibleValue>
        </SpecificParameter>
        <SpecificParameter Name="GPIO_Pin">
            <PossibleValue>GPIO_PINS_8</PossibleValue>
        </SpecificParameter>
        <SpecificParameter Name="GPIO_PinSource">
            <PossibleValue>GPIO_PINS_SOURCE8</PossibleValue>
        </SpecificParameter>
        <SpecificParameter Name="EXINT_LINE_x">
            <PossibleValue>EXINT_LINE_8</PossibleValue>
        </SpecificParameter>
        <SpecificParameter Name="SCFG_GPIO_x">
            <PossibleValue>GPIO_PORT_SOURCE_GPIOC</PossibleValue>
        </SpecificParameter>
        <SpecificParameter Name="SCFG_PINS_SOURCE_x">
            <PossibleValue>SCFG_PINS_SOURCE8</PossibleValue>
        </SpecificParameter>
    </GPIO_Pin>

    <GPIO_Pin PortName="PC" Name="PC9">
        <SpecificParameter Name="GPIO_x">
            <PossibleValue>GPIOC</PossibleValue>
        </SpecificParameter>
        <SpecificParameter Name="GPIO_Pin">
            <PossibleValue>GPIO_PINS_9</PossibleValue>
        </SpecificParameter>
        <SpecificParameter Name="GPIO_PinSource">
            <PossibleValue>GPIO_PINS_SOURCE9</PossibleValue>
        </SpecificParameter>
        <SpecificParameter Name="EXINT_LINE_x">
            <PossibleValue>EXINT_LINE_9</PossibleValue>
        </SpecificParameter>
        <SpecificParameter Name="SCFG_GPIO_x">
            <PossibleValue>GPIO_PORT_SOURCE_GPIOC</PossibleValue>
        </SpecificParameter>
        <SpecificParameter Name="SCFG_PINS_SOURCE_x">
            <PossibleValue>SCFG_PINS_SOURCE9</PossibleValue>
        </SpecificParameter>
    </GPIO_Pin>

    <GPIO_Pin PortName="PC" Name="PC10">
        <SpecificParameter Name="GPIO_x">
            <PossibleValue>GPIOC</PossibleValue>
        </SpecificParameter>
        <SpecificParameter Name="GPIO_Pin">
            <PossibleValue>GPIO_PINS_10</PossibleValue>
        </SpecificParameter>
        <SpecificParameter Name="GPIO_PinSource">
            <PossibleValue>GPIO_PINS_SOURCE10</PossibleValue>
        </SpecificParameter>
        <SpecificParameter Name="EXINT_LINE_x">
            <PossibleValue>EXINT_LINE_10</PossibleValue>
        </SpecificParameter>
        <SpecificParameter Name="SCFG_GPIO_x">
            <PossibleValue>GPIO_PORT_SOURCE_GPIOC</PossibleValue>
        </SpecificParameter>
        <SpecificParameter Name="SCFG_PINS_SOURCE_x">
            <PossibleValue>SCFG_PINS_SOURCE10</PossibleValue>
        </SpecificParameter>
    </GPIO_Pin>

    <GPIO_Pin PortName="PC" Name="PC11">
        <SpecificParameter Name="GPIO_x">
            <PossibleValue>GPIOC</PossibleValue>
        </SpecificParameter>
        <SpecificParameter Name="GPIO_Pin">
            <PossibleValue>GPIO_PINS_11</PossibleValue>
        </SpecificParameter>
        <SpecificParameter Name="GPIO_PinSource">
            <PossibleValue>GPIO_PINS_SOURCE11</PossibleValue>
        </SpecificParameter>
        <SpecificParameter Name="EXINT_LINE_x">
            <PossibleValue>EXINT_LINE_11</PossibleValue>
        </SpecificParameter>
        <SpecificParameter Name="SCFG_GPIO_x">
            <PossibleValue>GPIO_PORT_SOURCE_GPIOC</PossibleValue>
        </SpecificParameter>
        <SpecificParameter Name="SCFG_PINS_SOURCE_x">
            <PossibleValue>SCFG_PINS_SOURCE11</PossibleValue>
        </SpecificParameter>
    </GPIO_Pin>

    <GPIO_Pin PortName="PC" Name="PC12">
        <SpecificParameter Name="GPIO_x">
            <PossibleValue>GPIOC</PossibleValue>
        </SpecificParameter>
        <SpecificParameter Name="GPIO_Pin">
            <PossibleValue>GPIO_PINS_12</PossibleValue>
        </SpecificParameter>
        <SpecificParameter Name="GPIO_PinSource">
            <PossibleValue>GPIO_PINS_SOURCE12</PossibleValue>
        </SpecificParameter>
        <SpecificParameter Name="EXINT_LINE_x">
            <PossibleValue>EXINT_LINE_12</PossibleValue>
        </SpecificParameter>
        <SpecificParameter Name="SCFG_GPIO_x">
            <PossibleValue>GPIO_PORT_SOURCE_GPIOC</PossibleValue>
        </SpecificParameter>
        <SpecificParameter Name="SCFG_PINS_SOURCE_x">
            <PossibleValue>SCFG_PINS_SOURCE12</PossibleValue>
        </SpecificParameter>
    </GPIO_Pin>

    <GPIO_Pin PortName="PC" Name="PC13">
        <SpecificParameter Name="GPIO_x">
            <PossibleValue>GPIOC</PossibleValue>
        </SpecificParameter>
        <SpecificParameter Name="GPIO_Pin">
            <PossibleValue>GPIO_PINS_13</PossibleValue>
        </SpecificParameter>
        <SpecificParameter Name="GPIO_PinSource">
            <PossibleValue>GPIO_PINS_SOURCE13</PossibleValue>
        </SpecificParameter>
        <SpecificParameter Name="EXINT_LINE_x">
            <PossibleValue>EXINT_LINE_13</PossibleValue>
        </SpecificParameter>
        <SpecificParameter Name="SCFG_GPIO_x">
            <PossibleValue>GPIO_PORT_SOURCE_GPIOC</PossibleValue>
        </SpecificParameter>
        <SpecificParameter Name="SCFG_PINS_SOURCE_x">
            <PossibleValue>SCFG_PINS_SOURCE13</PossibleValue>
        </SpecificParameter>
    </GPIO_Pin>

    <GPIO_Pin PortName="PC" Name="PC14">
        <SpecificParameter Name="GPIO_x">
            <PossibleValue>GPIOC</PossibleValue>
        </SpecificParameter>
        <SpecificParameter Name="GPIO_Pin">
            <PossibleValue>GPIO_PINS_14</PossibleValue>
        </SpecificParameter>
        <SpecificParameter Name="GPIO_PinSource">
            <PossibleValue>GPIO_PINS_SOURCE14</PossibleValue>
        </SpecificParameter>
        <SpecificParameter Name="EXINT_LINE_x">
            <PossibleValue>EXINT_LINE_14</PossibleValue>
        </SpecificParameter>
        <SpecificParameter Name="SCFG_GPIO_x">
            <PossibleValue>GPIO_PORT_SOURCE_GPIOC</PossibleValue>
        </SpecificParameter>
        <SpecificParameter Name="SCFG_PINS_SOURCE_x">
            <PossibleValue>SCFG_PINS_SOURCE14</PossibleValue>
        </SpecificParameter>
    </GPIO_Pin>

    <GPIO_Pin PortName="PC" Name="PC15">
        <SpecificParameter Name="GPIO_x">
            <PossibleValue>GPIOC</PossibleValue>
        </SpecificParameter>
        <SpecificParameter Name="GPIO_Pin">
            <PossibleValue>GPIO_PINS_15</PossibleValue>
        </SpecificParameter>
        <SpecificParameter Name="GPIO_PinSource">
            <PossibleValue>GPIO_PINS_SOURCE15</PossibleValue>
        </SpecificParameter>
        <SpecificParameter Name="EXINT_LINE_x">
            <PossibleValue>EXINT_LINE_15</PossibleValue>
        </SpecificParameter>
        <SpecificParameter Name="SCFG_GPIO_x">
            <PossibleValue>GPIO_PORT_SOURCE_GPIOC</PossibleValue>
        </SpecificParameter>
        <SpecificParameter Name="SCFG_PINS_SOURCE_x">
            <PossibleValue>SCFG_PINS_SOURCE15</PossibleValue>
        </SpecificParameter>
    </GPIO_Pin>

    <GPIO_Pin PortName="PD" Name="PD0">
        <SpecificParameter Name="GPIO_x">
            <PossibleValue>GPIOD</PossibleValue>
        </SpecificParameter>
        <SpecificParameter Name="GPIO_Pin">
            <PossibleValue>GPIO_PINS_0</PossibleValue>
        </SpecificParameter>
        <SpecificParameter Name="GPIO_PinSource">
            <PossibleValue>GPIO_PINS_SOURCE0</PossibleValue>
        </SpecificParameter>
        <SpecificParameter Name="EXINT_LINE_x">
            <PossibleValue>EXINT_LINE_0</PossibleValue>
        </SpecificParameter>
        <SpecificParameter Name="SCFG_GPIO_x">
            <PossibleValue>GPIO_PORT_SOURCE_GPIOD</PossibleValue>
        </SpecificParameter>
        <SpecificParameter Name="SCFG_PINS_SOURCE_x">
            <PossibleValue>SCFG_PINS_SOURCE0</PossibleValue>
        </SpecificParameter>
    </GPIO_Pin>

    <GPIO_Pin PortName="PD" Name="PD1">
        <SpecificParameter Name="GPIO_x">
            <PossibleValue>GPIOD</PossibleValue>
        </SpecificParameter>
        <SpecificParameter Name="GPIO_Pin">
            <PossibleValue>GPIO_PINS_1</PossibleValue>
        </SpecificParameter>
        <SpecificParameter Name="GPIO_PinSource">
            <PossibleValue>GPIO_PINS_SOURCE1</PossibleValue>
        </SpecificParameter>
        <SpecificParameter Name="EXINT_LINE_x">
            <PossibleValue>EXINT_LINE_1</PossibleValue>
        </SpecificParameter>
        <SpecificParameter Name="SCFG_GPIO_x">
            <PossibleValue>GPIO_PORT_SOURCE_GPIOD</PossibleValue>
        </SpecificParameter>
        <SpecificParameter Name="SCFG_PINS_SOURCE_x">
            <PossibleValue>SCFG_PINS_SOURCE1</PossibleValue>
        </SpecificParameter>
    </GPIO_Pin>

    <GPIO_Pin PortName="PD" Name="PD2">
        <SpecificParameter Name="GPIO_x">
            <PossibleValue>GPIOD</PossibleValue>
        </SpecificParameter>
        <SpecificParameter Name="GPIO_Pin">
            <PossibleValue>GPIO_PINS_2</PossibleValue>
        </SpecificParameter>
        <SpecificParameter Name="GPIO_PinSource">
            <PossibleValue>GPIO_PINS_SOURCE2</PossibleValue>
        </SpecificParameter>
        <SpecificParameter Name="EXINT_LINE_x">
            <PossibleValue>EXINT_LINE_2</PossibleValue>
        </SpecificParameter>
        <SpecificParameter Name="SCFG_GPIO_x">
            <PossibleValue>GPIO_PORT_SOURCE_GPIOD</PossibleValue>
        </SpecificParameter>
        <SpecificParameter Name="SCFG_PINS_SOURCE_x">
            <PossibleValue>SCFG_PINS_SOURCE2</PossibleValue>
        </SpecificParameter>
    </GPIO_Pin>

    <GPIO_Pin PortName="PD" Name="PD3">
        <SpecificParameter Name="GPIO_x">
            <PossibleValue>GPIOD</PossibleValue>
        </SpecificParameter>
        <SpecificParameter Name="GPIO_Pin">
            <PossibleValue>GPIO_PINS_3</PossibleValue>
        </SpecificParameter>
        <SpecificParameter Name="GPIO_PinSource">
            <PossibleValue>GPIO_PINS_SOURCE3</PossibleValue>
        </SpecificParameter>
        <SpecificParameter Name="EXINT_LINE_x">
            <PossibleValue>EXINT_LINE_3</PossibleValue>
        </SpecificParameter>
        <SpecificParameter Name="SCFG_GPIO_x">
            <PossibleValue>GPIO_PORT_SOURCE_GPIOD</PossibleValue>
        </SpecificParameter>
        <SpecificParameter Name="SCFG_PINS_SOURCE_x">
            <PossibleValue>SCFG_PINS_SOURCE3</PossibleValue>
        </SpecificParameter>
    </GPIO_Pin>

    <GPIO_Pin PortName="PD" Name="PD4">
        <SpecificParameter Name="GPIO_x">
            <PossibleValue>GPIOD</PossibleValue>
        </SpecificParameter>
        <SpecificParameter Name="GPIO_Pin">
            <PossibleValue>GPIO_PINS_4</PossibleValue>
        </SpecificParameter>
        <SpecificParameter Name="GPIO_PinSource">
            <PossibleValue>GPIO_PINS_SOURCE4</PossibleValue>
        </SpecificParameter>
        <SpecificParameter Name="EXINT_LINE_x">
            <PossibleValue>EXINT_LINE_4</PossibleValue>
        </SpecificParameter>
        <SpecificParameter Name="SCFG_GPIO_x">
            <PossibleValue>GPIO_PORT_SOURCE_GPIOD</PossibleValue>
        </SpecificParameter>
        <SpecificParameter Name="SCFG_PINS_SOURCE_x">
            <PossibleValue>SCFG_PINS_SOURCE4</PossibleValue>
        </SpecificParameter>
    </GPIO_Pin>

    <GPIO_Pin PortName="PD" Name="PD5">
        <SpecificParameter Name="GPIO_x">
            <PossibleValue>GPIOD</PossibleValue>
        </SpecificParameter>
        <SpecificParameter Name="GPIO_Pin">
            <PossibleValue>GPIO_PINS_5</PossibleValue>
        </SpecificParameter>
        <SpecificParameter Name="GPIO_PinSource">
            <PossibleValue>GPIO_PINS_SOURCE5</PossibleValue>
        </SpecificParameter>
        <SpecificParameter Name="EXINT_LINE_x">
            <PossibleValue>EXINT_LINE_5</PossibleValue>
        </SpecificParameter>
        <SpecificParameter Name="SCFG_GPIO_x">
            <PossibleValue>GPIO_PORT_SOURCE_GPIOD</PossibleValue>
        </SpecificParameter>
        <SpecificParameter Name="SCFG_PINS_SOURCE_x">
            <PossibleValue>SCFG_PINS_SOURCE5</PossibleValue>
        </SpecificParameter>
    </GPIO_Pin>

    <GPIO_Pin PortName="PD" Name="PD6">
        <SpecificParameter Name="GPIO_x">
            <PossibleValue>GPIOD</PossibleValue>
        </SpecificParameter>
        <SpecificParameter Name="GPIO_Pin">
            <PossibleValue>GPIO_PINS_6</PossibleValue>
        </SpecificParameter>
        <SpecificParameter Name="GPIO_PinSource">
            <PossibleValue>GPIO_PINS_SOURCE6</PossibleValue>
        </SpecificParameter>
        <SpecificParameter Name="EXINT_LINE_x">
            <PossibleValue>EXINT_LINE_6</PossibleValue>
        </SpecificParameter>
        <SpecificParameter Name="SCFG_GPIO_x">
            <PossibleValue>GPIO_PORT_SOURCE_GPIOD</PossibleValue>
        </SpecificParameter>
        <SpecificParameter Name="SCFG_PINS_SOURCE_x">
            <PossibleValue>SCFG_PINS_SOURCE6</PossibleValue>
        </SpecificParameter>
    </GPIO_Pin>

    <GPIO_Pin PortName="PD" Name="PD7">
        <SpecificParameter Name="GPIO_x">
            <PossibleValue>GPIOD</PossibleValue>
        </SpecificParameter>
        <SpecificParameter Name="GPIO_Pin">
            <PossibleValue>GPIO_PINS_7</PossibleValue>
        </SpecificParameter>
        <SpecificParameter Name="GPIO_PinSource">
            <PossibleValue>GPIO_PINS_SOURCE7</PossibleValue>
        </SpecificParameter>
        <SpecificParameter Name="EXINT_LINE_x">
            <PossibleValue>EXINT_LINE_7</PossibleValue>
        </SpecificParameter>
        <SpecificParameter Name="SCFG_GPIO_x">
            <PossibleValue>GPIO_PORT_SOURCE_GPIOD</PossibleValue>
        </SpecificParameter>
        <SpecificParameter Name="SCFG_PINS_SOURCE_x">
            <PossibleValue>SCFG_PINS_SOURCE7</PossibleValue>
        </SpecificParameter>
    </GPIO_Pin>

    <GPIO_Pin PortName="PD" Name="PD8">
        <SpecificParameter Name="GPIO_x">
            <PossibleValue>GPIOD</PossibleValue>
        </SpecificParameter>
        <SpecificParameter Name="GPIO_Pin">
            <PossibleValue>GPIO_PINS_8</PossibleValue>
        </SpecificParameter>
        <SpecificParameter Name="GPIO_PinSource">
            <PossibleValue>GPIO_PINS_SOURCE8</PossibleValue>
        </SpecificParameter>
        <SpecificParameter Name="EXINT_LINE_x">
            <PossibleValue>EXINT_LINE_8</PossibleValue>
        </SpecificParameter>
        <SpecificParameter Name="SCFG_GPIO_x">
            <PossibleValue>GPIO_PORT_SOURCE_GPIOD</PossibleValue>
        </SpecificParameter>
        <SpecificParameter Name="SCFG_PINS_SOURCE_x">
            <PossibleValue>SCFG_PINS_SOURCE8</PossibleValue>
        </SpecificParameter>
    </GPIO_Pin>

    <GPIO_Pin PortName="PD" Name="PD9">
        <SpecificParameter Name="GPIO_x">
            <PossibleValue>GPIOD</PossibleValue>
        </SpecificParameter>
        <SpecificParameter Name="GPIO_Pin">
            <PossibleValue>GPIO_PINS_9</PossibleValue>
        </SpecificParameter>
        <SpecificParameter Name="GPIO_PinSource">
            <PossibleValue>GPIO_PINS_SOURCE9</PossibleValue>
        </SpecificParameter>
        <SpecificParameter Name="EXINT_LINE_x">
            <PossibleValue>EXINT_LINE_9</PossibleValue>
        </SpecificParameter>
        <SpecificParameter Name="SCFG_GPIO_x">
            <PossibleValue>GPIO_PORT_SOURCE_GPIOD</PossibleValue>
        </SpecificParameter>
        <SpecificParameter Name="SCFG_PINS_SOURCE_x">
            <PossibleValue>SCFG_PINS_SOURCE9</PossibleValue>
        </SpecificParameter>
    </GPIO_Pin>

    <GPIO_Pin PortName="PD" Name="PD10">
        <SpecificParameter Name="GPIO_x">
            <PossibleValue>GPIOD</PossibleValue>
        </SpecificParameter>
        <SpecificParameter Name="GPIO_Pin">
            <PossibleValue>GPIO_PINS_10</PossibleValue>
        </SpecificParameter>
        <SpecificParameter Name="GPIO_PinSource">
            <PossibleValue>GPIO_PINS_SOURCE10</PossibleValue>
        </SpecificParameter>
        <SpecificParameter Name="EXINT_LINE_x">
            <PossibleValue>EXINT_LINE_10</PossibleValue>
        </SpecificParameter>
        <SpecificParameter Name="SCFG_GPIO_x">
            <PossibleValue>GPIO_PORT_SOURCE_GPIOD</PossibleValue>
        </SpecificParameter>
        <SpecificParameter Name="SCFG_PINS_SOURCE_x">
            <PossibleValue>SCFG_PINS_SOURCE10</PossibleValue>
        </SpecificParameter>
    </GPIO_Pin>

    <GPIO_Pin PortName="PD" Name="PD11">
        <SpecificParameter Name="GPIO_x">
            <PossibleValue>GPIOD</PossibleValue>
        </SpecificParameter>
        <SpecificParameter Name="GPIO_Pin">
            <PossibleValue>GPIO_PINS_11</PossibleValue>
        </SpecificParameter>
        <SpecificParameter Name="GPIO_PinSource">
            <PossibleValue>GPIO_PINS_SOURCE11</PossibleValue>
        </SpecificParameter>
        <SpecificParameter Name="EXINT_LINE_x">
            <PossibleValue>EXINT_LINE_11</PossibleValue>
        </SpecificParameter>
        <SpecificParameter Name="SCFG_GPIO_x">
            <PossibleValue>GPIO_PORT_SOURCE_GPIOD</PossibleValue>
        </SpecificParameter>
        <SpecificParameter Name="SCFG_PINS_SOURCE_x">
            <PossibleValue>SCFG_PINS_SOURCE11</PossibleValue>
        </SpecificParameter>
    </GPIO_Pin>

    <GPIO_Pin PortName="PD" Name="PD12">
        <SpecificParameter Name="GPIO_x">
            <PossibleValue>GPIOD</PossibleValue>
        </SpecificParameter>
        <SpecificParameter Name="GPIO_Pin">
            <PossibleValue>GPIO_PINS_12</PossibleValue>
        </SpecificParameter>
        <SpecificParameter Name="GPIO_PinSource">
            <PossibleValue>GPIO_PINS_SOURCE12</PossibleValue>
        </SpecificParameter>
        <SpecificParameter Name="EXINT_LINE_x">
            <PossibleValue>EXINT_LINE_12</PossibleValue>
        </SpecificParameter>
        <SpecificParameter Name="SCFG_GPIO_x">
            <PossibleValue>GPIO_PORT_SOURCE_GPIOD</PossibleValue>
        </SpecificParameter>
        <SpecificParameter Name="SCFG_PINS_SOURCE_x">
            <PossibleValue>SCFG_PINS_SOURCE12</PossibleValue>
        </SpecificParameter>
    </GPIO_Pin>

    <GPIO_Pin PortName="PD" Name="PD13">
        <SpecificParameter Name="GPIO_x">
            <PossibleValue>GPIOD</PossibleValue>
        </SpecificParameter>
        <SpecificParameter Name="GPIO_Pin">
            <PossibleValue>GPIO_PINS_13</PossibleValue>
        </SpecificParameter>
        <SpecificParameter Name="GPIO_PinSource">
            <PossibleValue>GPIO_PINS_SOURCE13</PossibleValue>
        </SpecificParameter>
        <SpecificParameter Name="EXINT_LINE_x">
            <PossibleValue>EXINT_LINE_13</PossibleValue>
        </SpecificParameter>
        <SpecificParameter Name="SCFG_GPIO_x">
            <PossibleValue>GPIO_PORT_SOURCE_GPIOD</PossibleValue>
        </SpecificParameter>
        <SpecificParameter Name="SCFG_PINS_SOURCE_x">
            <PossibleValue>SCFG_PINS_SOURCE13</PossibleValue>
        </SpecificParameter>
    </GPIO_Pin>

    <GPIO_Pin PortName="PD" Name="PD14">
        <SpecificParameter Name="GPIO_x">
            <PossibleValue>GPIOD</PossibleValue>
        </SpecificParameter>
        <SpecificParameter Name="GPIO_Pin">
            <PossibleValue>GPIO_PINS_14</PossibleValue>
        </SpecificParameter>
        <SpecificParameter Name="GPIO_PinSource">
            <PossibleValue>GPIO_PINS_SOURCE14</PossibleValue>
        </SpecificParameter>
        <SpecificParameter Name="EXINT_LINE_x">
            <PossibleValue>EXINT_LINE_14</PossibleValue>
        </SpecificParameter>
        <SpecificParameter Name="SCFG_GPIO_x">
            <PossibleValue>GPIO_PORT_SOURCE_GPIOD</PossibleValue>
        </SpecificParameter>
        <SpecificParameter Name="SCFG_PINS_SOURCE_x">
            <PossibleValue>SCFG_PINS_SOURCE14</PossibleValue>
        </SpecificParameter>
    </GPIO_Pin>

    <GPIO_Pin PortName="PD" Name="PD15">
        <SpecificParameter Name="GPIO_x">
            <PossibleValue>GPIOD</PossibleValue>
        </SpecificParameter>
        <SpecificParameter Name="GPIO_Pin">
            <PossibleValue>GPIO_PINS_15</PossibleValue>
        </SpecificParameter>
        <SpecificParameter Name="GPIO_PinSource">
            <PossibleValue>GPIO_PINS_SOURCE15</PossibleValue>
        </SpecificParameter>
        <SpecificParameter Name="EXINT_LINE_x">
            <PossibleValue>EXINT_LINE_15</PossibleValue>
        </SpecificParameter>
        <SpecificParameter Name="SCFG_GPIO_x">
            <PossibleValue>GPIO_PORT_SOURCE_GPIOD</PossibleValue>
        </SpecificParameter>
        <SpecificParameter Name="SCFG_PINS_SOURCE_x">
            <PossibleValue>SCFG_PINS_SOURCE15</PossibleValue>
        </SpecificParameter>
    </GPIO_Pin>

    <GPIO_Pin PortName="PE" Name="PE0">
        <SpecificParameter Name="GPIO_x">
            <PossibleValue>GPIOE</PossibleValue>
        </SpecificParameter>
        <SpecificParameter Name="GPIO_Pin">
            <PossibleValue>GPIO_PINS_0</PossibleValue>
        </SpecificParameter>
        <SpecificParameter Name="GPIO_PinSource">
            <PossibleValue>GPIO_PINS_SOURCE0</PossibleValue>
        </SpecificParameter>
        <SpecificParameter Name="EXINT_LINE_x">
            <PossibleValue>EXINT_LINE_0</PossibleValue>
        </SpecificParameter>
        <SpecificParameter Name="SCFG_GPIO_x">
            <PossibleValue>GPIO_PORT_SOURCE_GPIOE</PossibleValue>
        </SpecificParameter>
        <SpecificParameter Name="SCFG_PINS_SOURCE_x">
            <PossibleValue>SCFG_PINS_SOURCE0</PossibleValue>
        </SpecificParameter>
    </GPIO_Pin>

    <GPIO_Pin PortName="PE" Name="PE1">
        <SpecificParameter Name="GPIO_x">
            <PossibleValue>GPIOE</PossibleValue>
        </SpecificParameter>
        <SpecificParameter Name="GPIO_Pin">
            <PossibleValue>GPIO_PINS_1</PossibleValue>
        </SpecificParameter>
        <SpecificParameter Name="GPIO_PinSource">
            <PossibleValue>GPIO_PINS_SOURCE1</PossibleValue>
        </SpecificParameter>
        <SpecificParameter Name="EXINT_LINE_x">
            <PossibleValue>EXINT_LINE_1</PossibleValue>
        </SpecificParameter>
        <SpecificParameter Name="SCFG_GPIO_x">
            <PossibleValue>GPIO_PORT_SOURCE_GPIOE</PossibleValue>
        </SpecificParameter>
        <SpecificParameter Name="SCFG_PINS_SOURCE_x">
            <PossibleValue>SCFG_PINS_SOURCE1</PossibleValue>
        </SpecificParameter>
    </GPIO_Pin>

    <GPIO_Pin PortName="PE" Name="PE2">
        <SpecificParameter Name="GPIO_x">
            <PossibleValue>GPIOE</PossibleValue>
        </SpecificParameter>
        <SpecificParameter Name="GPIO_Pin">
            <PossibleValue>GPIO_PINS_2</PossibleValue>
        </SpecificParameter>
        <SpecificParameter Name="GPIO_PinSource">
            <PossibleValue>GPIO_PINS_SOURCE2</PossibleValue>
        </SpecificParameter>
        <SpecificParameter Name="EXINT_LINE_x">
            <PossibleValue>EXINT_LINE_2</PossibleValue>
        </SpecificParameter>
        <SpecificParameter Name="SCFG_GPIO_x">
            <PossibleValue>GPIO_PORT_SOURCE_GPIOE</PossibleValue>
        </SpecificParameter>
        <SpecificParameter Name="SCFG_PINS_SOURCE_x">
            <PossibleValue>SCFG_PINS_SOURCE2</PossibleValue>
        </SpecificParameter>
    </GPIO_Pin>

    <GPIO_Pin PortName="PE" Name="PE3">
        <SpecificParameter Name="GPIO_x">
            <PossibleValue>GPIOE</PossibleValue>
        </SpecificParameter>
        <SpecificParameter Name="GPIO_Pin">
            <PossibleValue>GPIO_PINS_3</PossibleValue>
        </SpecificParameter>
        <SpecificParameter Name="GPIO_PinSource">
            <PossibleValue>GPIO_PINS_SOURCE3</PossibleValue>
        </SpecificParameter>
        <SpecificParameter Name="EXINT_LINE_x">
            <PossibleValue>EXINT_LINE_3</PossibleValue>
        </SpecificParameter>
        <SpecificParameter Name="SCFG_GPIO_x">
            <PossibleValue>GPIO_PORT_SOURCE_GPIOE</PossibleValue>
        </SpecificParameter>
        <SpecificParameter Name="SCFG_PINS_SOURCE_x">
            <PossibleValue>SCFG_PINS_SOURCE3</PossibleValue>
        </SpecificParameter>
    </GPIO_Pin>

    <GPIO_Pin PortName="PE" Name="PE4">
        <SpecificParameter Name="GPIO_x">
            <PossibleValue>GPIOE</PossibleValue>
        </SpecificParameter>
        <SpecificParameter Name="GPIO_Pin">
            <PossibleValue>GPIO_PINS_4</PossibleValue>
        </SpecificParameter>
        <SpecificParameter Name="GPIO_PinSource">
            <PossibleValue>GPIO_PINS_SOURCE4</PossibleValue>
        </SpecificParameter>
        <SpecificParameter Name="EXINT_LINE_x">
            <PossibleValue>EXINT_LINE_4</PossibleValue>
        </SpecificParameter>
        <SpecificParameter Name="SCFG_GPIO_x">
            <PossibleValue>GPIO_PORT_SOURCE_GPIOE</PossibleValue>
        </SpecificParameter>
        <SpecificParameter Name="SCFG_PINS_SOURCE_x">
            <PossibleValue>SCFG_PINS_SOURCE4</PossibleValue>
        </SpecificParameter>
    </GPIO_Pin>

    <GPIO_Pin PortName="PE" Name="PE5">
        <SpecificParameter Name="GPIO_x">
            <PossibleValue>GPIOE</PossibleValue>
        </SpecificParameter>
        <SpecificParameter Name="GPIO_Pin">
            <PossibleValue>GPIO_PINS_5</PossibleValue>
        </SpecificParameter>
        <SpecificParameter Name="GPIO_PinSource">
            <PossibleValue>GPIO_PINS_SOURCE5</PossibleValue>
        </SpecificParameter>
        <SpecificParameter Name="EXINT_LINE_x">
            <PossibleValue>EXINT_LINE_5</PossibleValue>
        </SpecificParameter>
        <SpecificParameter Name="SCFG_GPIO_x">
            <PossibleValue>GPIO_PORT_SOURCE_GPIOE</PossibleValue>
        </SpecificParameter>
        <SpecificParameter Name="SCFG_PINS_SOURCE_x">
            <PossibleValue>SCFG_PINS_SOURCE5</PossibleValue>
        </SpecificParameter>
    </GPIO_Pin>

    <GPIO_Pin PortName="PE" Name="PE6">
        <SpecificParameter Name="GPIO_x">
            <PossibleValue>GPIOE</PossibleValue>
        </SpecificParameter>
        <SpecificParameter Name="GPIO_Pin">
            <PossibleValue>GPIO_PINS_6</PossibleValue>
        </SpecificParameter>
        <SpecificParameter Name="GPIO_PinSource">
            <PossibleValue>GPIO_PINS_SOURCE6</PossibleValue>
        </SpecificParameter>
        <SpecificParameter Name="EXINT_LINE_x">
            <PossibleValue>EXINT_LINE_6</PossibleValue>
        </SpecificParameter>
        <SpecificParameter Name="SCFG_GPIO_x">
            <PossibleValue>GPIO_PORT_SOURCE_GPIOE</PossibleValue>
        </SpecificParameter>
        <SpecificParameter Name="SCFG_PINS_SOURCE_x">
            <PossibleValue>SCFG_PINS_SOURCE6</PossibleValue>
        </SpecificParameter>
    </GPIO_Pin>

    <GPIO_Pin PortName="PE" Name="PE7">
        <SpecificParameter Name="GPIO_x">
            <PossibleValue>GPIOE</PossibleValue>
        </SpecificParameter>
        <SpecificParameter Name="GPIO_Pin">
            <PossibleValue>GPIO_PINS_7</PossibleValue>
        </SpecificParameter>
        <SpecificParameter Name="GPIO_PinSource">
            <PossibleValue>GPIO_PINS_SOURCE7</PossibleValue>
        </SpecificParameter>
        <SpecificParameter Name="EXINT_LINE_x">
            <PossibleValue>EXINT_LINE_7</PossibleValue>
        </SpecificParameter>
        <SpecificParameter Name="SCFG_GPIO_x">
            <PossibleValue>GPIO_PORT_SOURCE_GPIOE</PossibleValue>
        </SpecificParameter>
        <SpecificParameter Name="SCFG_PINS_SOURCE_x">
            <PossibleValue>SCFG_PINS_SOURCE7</PossibleValue>
        </SpecificParameter>
    </GPIO_Pin>

    <GPIO_Pin PortName="PE" Name="PE8">
        <SpecificParameter Name="GPIO_x">
            <PossibleValue>GPIOE</PossibleValue>
        </SpecificParameter>
        <SpecificParameter Name="GPIO_Pin">
            <PossibleValue>GPIO_PINS_8</PossibleValue>
        </SpecificParameter>
        <SpecificParameter Name="GPIO_PinSource">
            <PossibleValue>GPIO_PINS_SOURCE8</PossibleValue>
        </SpecificParameter>
        <SpecificParameter Name="EXINT_LINE_x">
            <PossibleValue>EXINT_LINE_8</PossibleValue>
        </SpecificParameter>
        <SpecificParameter Name="SCFG_GPIO_x">
            <PossibleValue>GPIO_PORT_SOURCE_GPIOE</PossibleValue>
        </SpecificParameter>
        <SpecificParameter Name="SCFG_PINS_SOURCE_x">
            <PossibleValue>SCFG_PINS_SOURCE8</PossibleValue>
        </SpecificParameter>
    </GPIO_Pin>

    <GPIO_Pin PortName="PE" Name="PE9">
        <SpecificParameter Name="GPIO_x">
            <PossibleValue>GPIOE</PossibleValue>
        </SpecificParameter>
        <SpecificParameter Name="GPIO_Pin">
            <PossibleValue>GPIO_PINS_9</PossibleValue>
        </SpecificParameter>
        <SpecificParameter Name="GPIO_PinSource">
            <PossibleValue>GPIO_PINS_SOURCE9</PossibleValue>
        </SpecificParameter>
        <SpecificParameter Name="EXINT_LINE_x">
            <PossibleValue>EXINT_LINE_9</PossibleValue>
        </SpecificParameter>
        <SpecificParameter Name="SCFG_GPIO_x">
            <PossibleValue>GPIO_PORT_SOURCE_GPIOE</PossibleValue>
        </SpecificParameter>
        <SpecificParameter Name="SCFG_PINS_SOURCE_x">
            <PossibleValue>SCFG_PINS_SOURCE9</PossibleValue>
        </SpecificParameter>
    </GPIO_Pin>

    <GPIO_Pin PortName="PE" Name="PE10">
        <SpecificParameter Name="GPIO_x">
            <PossibleValue>GPIOE</PossibleValue>
        </SpecificParameter>
        <SpecificParameter Name="GPIO_Pin">
            <PossibleValue>GPIO_PINS_10</PossibleValue>
        </SpecificParameter>
        <SpecificParameter Name="GPIO_PinSource">
            <PossibleValue>GPIO_PINS_SOURCE10</PossibleValue>
        </SpecificParameter>
        <SpecificParameter Name="EXINT_LINE_x">
            <PossibleValue>EXINT_LINE_10</PossibleValue>
        </SpecificParameter>
        <SpecificParameter Name="SCFG_GPIO_x">
            <PossibleValue>GPIO_PORT_SOURCE_GPIOE</PossibleValue>
        </SpecificParameter>
        <SpecificParameter Name="SCFG_PINS_SOURCE_x">
            <PossibleValue>SCFG_PINS_SOURCE10</PossibleValue>
        </SpecificParameter>
    </GPIO_Pin>

    <GPIO_Pin PortName="PE" Name="PE11">
        <SpecificParameter Name="GPIO_x">
            <PossibleValue>GPIOE</PossibleValue>
        </SpecificParameter>
        <SpecificParameter Name="GPIO_Pin">
            <PossibleValue>GPIO_PINS_11</PossibleValue>
        </SpecificParameter>
        <SpecificParameter Name="GPIO_PinSource">
            <PossibleValue>GPIO_PINS_SOURCE11</PossibleValue>
        </SpecificParameter>
        <SpecificParameter Name="EXINT_LINE_x">
            <PossibleValue>EXINT_LINE_11</PossibleValue>
        </SpecificParameter>
        <SpecificParameter Name="SCFG_GPIO_x">
            <PossibleValue>GPIO_PORT_SOURCE_GPIOE</PossibleValue>
        </SpecificParameter>
        <SpecificParameter Name="SCFG_PINS_SOURCE_x">
            <PossibleValue>SCFG_PINS_SOURCE11</PossibleValue>
        </SpecificParameter>
    </GPIO_Pin>

    <GPIO_Pin PortName="PE" Name="PE12">
        <SpecificParameter Name="GPIO_x">
            <PossibleValue>GPIOE</PossibleValue>
        </SpecificParameter>
        <SpecificParameter Name="GPIO_Pin">
            <PossibleValue>GPIO_PINS_12</PossibleValue>
        </SpecificParameter>
        <SpecificParameter Name="GPIO_PinSource">
            <PossibleValue>GPIO_PINS_SOURCE12</PossibleValue>
        </SpecificParameter>
        <SpecificParameter Name="EXINT_LINE_x">
            <PossibleValue>EXINT_LINE_12</PossibleValue>
        </SpecificParameter>
        <SpecificParameter Name="SCFG_GPIO_x">
            <PossibleValue>GPIO_PORT_SOURCE_GPIOE</PossibleValue>
        </SpecificParameter>
        <SpecificParameter Name="SCFG_PINS_SOURCE_x">
            <PossibleValue>SCFG_PINS_SOURCE12</PossibleValue>
        </SpecificParameter>
    </GPIO_Pin>

    <GPIO_Pin PortName="PE" Name="PE13">
        <SpecificParameter Name="GPIO_x">
            <PossibleValue>GPIOE</PossibleValue>
        </SpecificParameter>
        <SpecificParameter Name="GPIO_Pin">
            <PossibleValue>GPIO_PINS_13</PossibleValue>
        </SpecificParameter>
        <SpecificParameter Name="GPIO_PinSource">
            <PossibleValue>GPIO_PINS_SOURCE13</PossibleValue>
        </SpecificParameter>
        <SpecificParameter Name="EXINT_LINE_x">
            <PossibleValue>EXINT_LINE_13</PossibleValue>
        </SpecificParameter>
        <SpecificParameter Name="SCFG_GPIO_x">
            <PossibleValue>GPIO_PORT_SOURCE_GPIOE</PossibleValue>
        </SpecificParameter>
        <SpecificParameter Name="SCFG_PINS_SOURCE_x">
            <PossibleValue>SCFG_PINS_SOURCE13</PossibleValue>
        </SpecificParameter>
    </GPIO_Pin>

    <GPIO_Pin PortName="PE" Name="PE14">
        <SpecificParameter Name="GPIO_x">
            <PossibleValue>GPIOE</PossibleValue>
        </SpecificParameter>
        <SpecificParameter Name="GPIO_Pin">
            <PossibleValue>GPIO_PINS_14</PossibleValue>
        </SpecificParameter>
        <SpecificParameter Name="GPIO_PinSource">
            <PossibleValue>GPIO_PINS_SOURCE14</PossibleValue>
        </SpecificParameter>
        <SpecificParameter Name="EXINT_LINE_x">
            <PossibleValue>EXINT_LINE_14</PossibleValue>
        </SpecificParameter>
        <SpecificParameter Name="SCFG_GPIO_x">
            <PossibleValue>GPIO_PORT_SOURCE_GPIOE</PossibleValue>
        </SpecificParameter>
        <SpecificParameter Name="SCFG_PINS_SOURCE_x">
            <PossibleValue>SCFG_PINS_SOURCE14</PossibleValue>
        </SpecificParameter>
    </GPIO_Pin>

    <GPIO_Pin PortName="PE" Name="PE15">
        <SpecificParameter Name="GPIO_x">
            <PossibleValue>GPIOE</PossibleValue>
        </SpecificParameter>
        <SpecificParameter Name="GPIO_Pin">
            <PossibleValue>GPIO_PINS_15</PossibleValue>
        </SpecificParameter>
        <SpecificParameter Name="GPIO_PinSource">
            <PossibleValue>GPIO_PINS_SOURCE15</PossibleValue>
        </SpecificParameter>
        <SpecificParameter Name="EXINT_LINE_x">
            <PossibleValue>EXINT_LINE_15</PossibleValue>
        </SpecificParameter>
        <SpecificParameter Name="SCFG_GPIO_x">
            <PossibleValue>GPIO_PORT_SOURCE_GPIOE</PossibleValue>
        </SpecificParameter>
        <SpecificParameter Name="SCFG_PINS_SOURCE_x">
            <PossibleValue>SCFG_PINS_SOURCE15</PossibleValue>
        </SpecificParameter>
    </GPIO_Pin>
</IP>
