<?xml version="1.0" encoding="UTF-8" standalone="no"?>
<IP>
    <About>TIMER</About>
    <AboutCH>定时器</AboutCH>

<!-- Generic RefParameters for TMR Modes -->
    <RefParameter Name="Instance" DefaultValue="TMR$Index" Comment="Instance" Type="" Visible="false"/>
    
    <!-- *************************** TMR_SubMode_Control ******************************-->
    <RefParameter Name="TMR_SubMode_Control_List" Comment="Sub-mode control" CommentCH="次定时器模式控制" DefaultValue="TMR_SUB_MODE_DIABLE" Type="list" Group="Counter Settings" GroupCH="计数器设置">
        <PossibleValue Value="TMR_SUB_MODE_DIABLE" Comment="Disable" CommentCH="关闭"/>
        <PossibleValue Value="TMR_SUB_RESET_MODE" Comment="Reset Mode" CommentCH="复位模式"/>
        <PossibleValue Value="TMR_SUB_HANG_MODE" Comment="Hang Mode" CommentCH="挂起模式"/>
        <PossibleValue Value="TMR_SUB_TRIGGER_MODE" Comment="Trigger Mode" CommentCH="触发模式"/>
        <PossibleValue Value="TMR_SUB_EXTERNAL_CLOCK_MODE_A" Comment="External Clock Mode A" CommentCH="外部时钟模式A"/>
    </RefParameter>
    <RefParameter Name="TMR_SubMode_Control" Comment="Sub-mode control" CommentCH="次定时器模式控制" DefaultValue="TMR_SUB_RESET_MODE" Type="list" Group="Counter Settings" GroupCH="计数器设置">
        <Condition Expression="Semaphore_SOM_Reset$IpInstance"/>
        <PossibleValue Value="TMR_SUB_RESET_MODE" Comment="Reset Mode" CommentCH="复位模式"/>
    </RefParameter>
    <RefParameter Name="TMR_SubMode_Control" Comment="Sub-mode control" CommentCH="次定时器模式控制" DefaultValue="TMR_SUB_HANG_MODE" Type="list" Group="Counter Settings" GroupCH="计数器设置">
        <Condition Expression="Semaphore_SOM_Hang$IpInstance"/>
        <PossibleValue Value="TMR_SUB_HANG_MODE" Comment="Hang Mode" CommentCH="挂起模式"/>
    </RefParameter>
    <RefParameter Name="TMR_SubMode_Control" Comment="Sub-mode control" CommentCH="次定时器模式控制" DefaultValue="TMR_SUB_TRIGGER_MODE" Type="list" Group="Counter Settings" GroupCH="计数器设置">
        <Condition Expression="Semaphore_SOM_Trigger$IpInstance"/>
        <PossibleValue Value="TMR_SUB_TRIGGER_MODE" Comment="Trigger Mode" CommentCH="触发模式"/>
    </RefParameter>
    <RefParameter Name="TMR_SubMode_Control" Comment="Sub-mode control" CommentCH="次定时器模式控制" DefaultValue="TMR_SUB_EXTERNAL_CLOCK_MODE_A" Type="list" Group="Counter Settings" GroupCH="计数器设置">
        <Condition Expression="Semaphore_SOM_Clock$IpInstance"/>
        <PossibleValue Value="TMR_SUB_EXTERNAL_CLOCK_MODE_A" Comment="External Clock Mode A" CommentCH="外部时钟模式A"/>
    </RefParameter>
    <RefParameter Name="TMR_SubMode_Control" Comment="Sub-mode control" CommentCH="次定时器模式控制" DefaultValue="TMR_SUB_MODE_DIABLE" Type="list" Group="Counter Settings" GroupCH="计数器设置">
    	   <Condition Expression="!Semaphore_SOM_Reset$IpInstance | !Semaphore_SOM_Hang$IpInstance | !Semaphore_SOM_Trigger$IpInstance | !Semaphore_SOM_Clock$IpInstance"/>
         <PossibleValue Value="TMR_SUB_MODE_DIABLE" Comment="Disable" CommentCH="关闭"/>
    </RefParameter>
    
<!-- *************************Sub-mode input settings **********************************************-->
    <RefParameter Name="SubModeInput_Selection" Comment="Sub-mode input selection" CommentCH="次定时器输入选择" DefaultValue="TMR_SUB_INPUT_SEL_IS0" Type="list" Visible="false" Group="Sub-mode input settings" GroupCH="次定时器模式输入设置">
        <Condition Diagnostic="" Expression="Semaphore_SubModeInput_IS0$IpInstance"/>
        <PossibleValue Value="TMR_SUB_INPUT_SEL_IS0" Comment="IS0" CommentCH="内部选择0"/>
    </RefParameter>
    <RefParameter Name="SubModeInput_Selection" Comment="Sub-mode input selection" CommentCH="次定时器输入选择" DefaultValue="TMR_SUB_INPUT_SEL_IS1" Type="list" Visible="false" Group="Sub-mode input settings" GroupCH="次定时器模式输入设置">
        <Condition Diagnostic="" Expression="Semaphore_SubModeInput_IS1$IpInstance"/>
        <PossibleValue Value="TMR_SUB_INPUT_SEL_IS1" Comment="IS1" CommentCH="内部选择1"/>
    </RefParameter>
    <RefParameter Name="SubModeInput_Selection" Comment="Sub-mode input selection" CommentCH="次定时器输入选择" DefaultValue="TMR_SUB_INPUT_SEL_IS2" Type="list" Visible="false" Group="Sub-mode input settings" GroupCH="次定时器模式输入设置">
        <Condition Diagnostic="" Expression="Semaphore_SubModeInput_IS2$IpInstance"/>
        <PossibleValue Value="TMR_SUB_INPUT_SEL_IS2" Comment="IS2" CommentCH="内部选择2"/>
    </RefParameter>
    <RefParameter Name="SubModeInput_Selection" Comment="Sub-mode input selection" CommentCH="次定时器输入选择" DefaultValue="TMR_SUB_INPUT_SEL_IS3" Type="list" Visible="false" Group="Sub-mode input settings" GroupCH="次定时器模式输入设置">
        <Condition Diagnostic="" Expression="Semaphore_SubModeInput_IS3$IpInstance"/>
        <PossibleValue Value="TMR_SUB_INPUT_SEL_IS3" Comment="IS3" CommentCH="内部选择3"/>
    </RefParameter>
    <RefParameter Name="SubModeInput_Selection" Comment="Sub-mode input selection" CommentCH="次定时器输入选择" DefaultValue="TMR_SUB_INPUT_SEL_C1INC" Type="list" Visible="false" Group="Sub-mode input settings" GroupCH="次定时器模式输入设置">
        <Condition Diagnostic="" Expression="Semaphore_SubModeInput_C1INC$IpInstance"/>
        <PossibleValue Value="TMR_SUB_INPUT_SEL_C1INC" Comment="C1INC" CommentCH="C1IRAW的输入检测器(C1INC)"/>
    </RefParameter>
    <RefParameter Name="SubModeInput_Selection" Comment="Sub-mode input selection" CommentCH="次定时器输入选择" DefaultValue="TMR_SUB_INPUT_SEL_C1DF1" Type="list" Visible="false" Group="Sub-mode input settings" GroupCH="次定时器模式输入设置">
        <Condition Diagnostic="" Expression="Semaphore_SubModeInput_C1DF1$IpInstance"/>
        <PossibleValue Value="TMR_SUB_INPUT_SEL_C1DF1" Comment="C1IFP1" CommentCH="滤波输入1"/>
    </RefParameter>
    <RefParameter Name="SubModeInput_Selection" Comment="Sub-mode input selection" CommentCH="次定时器输入选择" DefaultValue="TMR_SUB_INPUT_SEL_C2DF2" Type="list" Visible="false" Group="Sub-mode input settings" GroupCH="次定时器模式输入设置">
        <Condition Diagnostic="" Expression="Semaphore_SubModeInput_C2DF2$IpInstance"/>
        <PossibleValue Value="TMR_SUB_INPUT_SEL_C2DF2" Comment="C2IFP2" CommentCH="滤波输入1"/>
    </RefParameter>
    <RefParameter Name="SubModeInput_Selection" Comment="Sub-mode input selection" CommentCH="次定时器输入选择" DefaultValue="FALSE" Type="list" Visible="false" Group="Sub-mode input settings" GroupCH="次定时器模式输入设置">
        <PossibleValue Value="FALSE" Comment="Disable" CommentCH="关闭"/>
    </RefParameter>

<!-- *************************DATA for External ClockConfig***********************************************-->
    <RefParameter Name="ClockSource" Comment="Clock Source" CommentCH="时钟源" DefaultValue="TMR_CLOCKSOURCE_INTERNAL" Type="list" Visible="false" Group="Counter Settings" GroupCH="计数器设置">
        <Condition Diagnostic="Clock_internal" Expression="Semaphore_ClockSelectionInternal$IpInstance"/>
        <PossibleValue Value="TMR_CLOCKSOURCE_INTERNAL" Comment="clock_internal" CommentCH="内部时钟"/>
    </RefParameter>
    <RefParameter Name="ClockSource" Comment="Clock Source" CommentCH="时钟源" DefaultValue="FALSE" Type="list" Visible="false" Group="Counter Settings" GroupCH="计数器设置">
        <PossibleValue Value="FALSE" Comment="Disable" CommentCH="关闭"/>
    </RefParameter>
    
<!-- *************************Channel Input or Output Param **********************************************-->
    <RefParameter Name="Channel1Mode" Comment="Channel 1 Mode" CommentCH="通道1模式" DefaultValue="INPUT" Type="list" Visible="false">
        <Condition Diagnostic="" Expression="Semaphore_input_Channel1$IpInstance"/>
        <PossibleValue Value="INPUT" Comment="Input" CommentCH="输入"/>
    </RefParameter>
    <RefParameter Name="Channel1Mode" Comment="Channel 1 Mode" CommentCH="通道1模式" DefaultValue="OUTPUT" Type="list" Visible="false">
        <Condition Diagnostic="" Expression="Semaphore_output_Channel1$IpInstance"/>
        <PossibleValue Value="OUTPUT" Comment="Output" CommentCH="输出"/>
    </RefParameter>
    <RefParameter Name="Channel1Mode" Comment="Channel 1 Mode" CommentCH="通道1模式" DefaultValue="DISABLE" Type="list" Visible="false">
        <PossibleValue Value="DISABLE" Comment="Disable" CommentCH="关闭"/>
    </RefParameter>
    
    <RefParameter Name="Channel2Mode" Comment="Channel 2 Mode" CommentCH="通道2模式" DefaultValue="INPUT" Type="list" Visible="false">
        <Condition Diagnostic="" Expression="Semaphore_input_Channel2$IpInstance"/>
        <PossibleValue Value="INPUT" Comment="Input" CommentCH="输入"/>
    </RefParameter>
    <RefParameter Name="Channel2Mode" Comment="Channel 2 Mode" CommentCH="通道2模式" DefaultValue="OUTPUT" Type="list" Visible="false">
        <Condition Diagnostic="" Expression="Semaphore_output_Channel2$IpInstance"/>
        <PossibleValue Value="OUTPUT" Comment="Output" CommentCH="输出"/>
    </RefParameter>
    <RefParameter Name="Channel2Mode" Comment="Channel 2 Mode" CommentCH="通道2模式" DefaultValue="DISABLE" Type="list" Visible="false">
        <PossibleValue Value="DISABLE" Comment="Disable" CommentCH="关闭"/>
    </RefParameter>
    
<!-- *************************DATA for Multi Channels***********************************************--> 
    <RefParameter Name="Multi_Channels" Comment="Multi Channels" CommentCH="通道组合" DefaultValue="PWM_Input_1" Type="list" Visible="false">
        <Condition Diagnostic="" Expression="Semaphore_PWM_Input_1$IpInstance"/>
        <PossibleValue Value="PWM_Input_1" Comment="PWM Input 1" CommentCH="PWM输入1"/>
    </RefParameter>
    <RefParameter Name="Multi_Channels" Comment="Multi Channels" CommentCH="通道组合" DefaultValue="PWM_Input_2" Type="list" Visible="false">
        <Condition Diagnostic="" Expression="Semaphore_PWM_Input_2$IpInstance"/>
        <PossibleValue Value="PWM_Input_2" Comment="PWM Input 2" CommentCH="PWM输入2"/>
    </RefParameter>
     <RefParameter Name="Multi_Channels" Comment="Multi Channels" CommentCH="通道组合" DefaultValue="DISABLE" Type="list" Visible="false">
       <PossibleValue Value="DISABLE" Comment="Disable" CommentCH="关闭"/>
    </RefParameter>
    
    <RefParameter Name="Overflow_Event" Comment="Overflow Event" CommentCH="溢出事件" DefaultValue="From_COS" Type="list" Group="Counter Settings" GroupCH="计数器设置">
        <PossibleValue Value="From_COS" Comment="From counter/ovfswtr/sub-timer" CommentCH="来源于计数器溢出、设置OVFSWTR位或次定时器控制器"/>
        <PossibleValue Value="From_C" Comment="From counter" CommentCH="来源于计数器溢出"/>        
        <PossibleValue Value="FALSE" Comment="Disable overflow event" CommentCH="禁止溢出事件"/>
    </RefParameter>
    
    <RefParameter Name="One_Cycle_Mode" Comment="One Cycle Mode" CommentCH="单周期模式" DefaultValue="TRUE" Type="list" Visible="false" Group="Counter Settings" GroupCH="计数器设置">
        <Condition Diagnostic="" Expression="Semaphore_Enable_OCM$IpInstance"/>
        <PossibleValue Value="TRUE" Comment="Enable" CommentCH="开启"/>
    </RefParameter>
    <RefParameter Name="One_Cycle_Mode" Comment="One Cycle Mode" CommentCH="单周期模式" DefaultValue="FALSE" Type="list" Visible="false" Group="Counter Settings" GroupCH="计数器设置">
        <PossibleValue Value="FALSE" Comment="Disable" CommentCH="关闭"/>
    </RefParameter>

<!-- **********************************************************************-->
    <RefParameter Name="Channel1" Comment="Channel" CommentCH="通道" DefaultValue="TMR_SELECT_CHANNEL_1" Type="list" Visible="false">
        <PossibleValue Value="TMR_SELECT_CHANNEL_1" Comment="Channel 1" CommentCH="通道1"/>
    </RefParameter>
    <RefParameter Name="Channel2" Comment="Channel" CommentCH="通道" DefaultValue="TMR_SELECT_CHANNEL_2" Type="list" Visible="false">
        <PossibleValue Value="TMR_SELECT_CHANNEL_2" Comment="Channel 2" CommentCH="通道2"/>
    </RefParameter>
    <RefParameter Name="Channel3" Comment="Channel" CommentCH="通道" DefaultValue="TMR_SELECT_CHANNEL_3" Type="list" Visible="false">
        <PossibleValue Value="TMR_SELECT_CHANNEL_3" Comment="Channel 3" CommentCH="通道3"/>
    </RefParameter>
    <RefParameter Name="Channel4" Comment="Channel" CommentCH="通道" DefaultValue="TMR_SELECT_CHANNEL_4" Type="list" Visible="false">
        <PossibleValue Value="TMR_SELECT_CHANNEL_4" Comment="Channel 4" CommentCH="通道4"/>
    </RefParameter>    
                        
<!--____________________________________________________________________-->

    <RefParameter Name="DividerValue" Comment="Divider value (16 bits value)" CommentCH="分频系数 (16位值)" DefaultValue="0" Max="65535" Min="0" Type="integer" Group="Counter Settings" GroupCH="计数器设置">
    </RefParameter>
<!-- CounterMode TIMER INSTANCE DEPENDENT-->
    <RefParameter Name="CounterDirection" Comment="Counter Direction" CommentCH="计数方向" DefaultValue="TMR_COUNT_UP" Type="list" Group="Counter Settings" GroupCH="计数器设置">
        <PossibleValue Value="TMR_COUNT_UP" Comment="Up" CommentCH="向上"/>
    </RefParameter>

    <RefParameter Name="Period" Comment="Period Value ( 16 bits value )" CommentCH="周期值 (16位值)" DefaultValue="65535" Max="65535" Min="0" Type="integer" Group="Counter Settings" GroupCH="计数器设置">
    </RefParameter>

<!-- ___________________________________________-->
<!-- ClockDivision TIMER INSTANCE DEPENDENT -->

    <RefParameter Name="ClockDivision" Comment="Clock divider" CommentCH="时钟除频" DefaultValue="TMR_CLOCK_DIV1" Type="list" Group="Counter Settings" GroupCH="计数器设置">
        <!--<Condition Diagnostic="" Expression="$IpNumber=1|$IpNumber=3|$IpNumber=14|$IpNumber=15|$IpNumber=16|$IpNumber=17"/>-->
            <PossibleValue Value="TMR_CLOCK_DIV1" Comment="No Divider" CommentCH="无除频"/>
            <PossibleValue Value="TMR_CLOCK_DIV2" Comment="Divided by 2" CommentCH="2除频"/>
            <PossibleValue Value="TMR_CLOCK_DIV4" Comment="Divided by 4" CommentCH="4除频"/>
    </RefParameter>
<!-- ___________________________________________-->
<!-- Repetion Counter TIMER INSTANCE DEPENDENT -->
    <RefParameter Name="PeriodBufferEnable" Comment="Period buffer enable" CommentCH="周期缓冲使能" DefaultValue="FALSE" Type="list" Group="Counter Settings" GroupCH="计数器设置">
        <PossibleValue Value="FALSE" Comment="Disable" CommentCH="关闭"/>
        <PossibleValue Value="TRUE" Comment="Enable" CommentCH="开启"/>
    </RefParameter>
    
   
<!--_____________________________Trigger C1INC ________________________-->
    <RefParameter Name="SubModeInput_C1INC_filter" Comment="C1INC filter (4 bits value)" CommentCH="C1IRAW的输入检测器(C1INC)滤波(4位值)" DefaultValue="0" Max="15" Min="0" Type="integer" Visible="true" Group="Sub-mode input settings" GroupCH="次定时器模式输入设置">
        <Condition Diagnostic="" Expression="!Semaphore_input_Channel1_direct$IpInstance &amp; !Semaphore_input_Channel1_indirect$IpInstance"/>
    </RefParameter>
    <RefParameter Name="SubModeInput_C1INC_filter_Frequency" Comment="C1INC filter Frequency" CommentCH="C1IRAW的输入检测器(C1INC)滤波频率" DefaultValue="" Type="string" Unit="Hz"  Group="Sub-mode input settings" GroupCH="次定时器模式输入设置">
        <Condition Diagnostic="" Expression="SubModeInput_C1INC_filter != 0"/>
    </RefParameter>
<!--_____________________________Trigger C1DF1 ________________________-->
    <RefParameter Name="SubModeInput_C1DF1_polarity" Comment="C1IFP1 polarity" CommentCH="通道1极性" DefaultValue="TMR_INPUT_RISING_EDGE" Type="list" Visible="true" Group="Sub-mode input settings" GroupCH="次定时器模式输入设置">
        <Condition Diagnostic="" Expression="!Semaphore_input_Channel1$IpInstance"/>
            <PossibleValue Value="TMR_INPUT_RISING_EDGE" Comment="Rising edge" CommentCH="上升沿"/>
            <PossibleValue Value="TMR_INPUT_FALLING_EDGE" Comment="Falling edge" CommentCH="下降沿"/>
            <PossibleValue Value="TMR_INPUT_BOTH_EDGE" Comment="Both edge" CommentCH="双边沿"/>
    </RefParameter>
    <RefParameter Name="SubModeInput_C1DF1_filter" Comment="C1IFP1 filter (4 bits value)" CommentCH="通道1滤波(4位值)" DefaultValue="0" Max="15" Min="0" Type="integer" Visible="true" Group="Sub-mode input settings" GroupCH="次定时器模式输入设置">
        <Condition Diagnostic="" Expression="!Semaphore_input_Channel1$IpInstance"/>
    </RefParameter>
    <RefParameter Name="SubModeInput_C1DF1_filter_Frequency" Comment="C1IFP1 filter Frequency" CommentCH="通道1滤波频率" DefaultValue="" Type="string" Unit="Hz"  Group="Sub-mode input settings" GroupCH="次定时器模式输入设置">
        <Condition Diagnostic="" Expression="SubModeInput_C1DF1_filter != 0"/>
    </RefParameter>
<!--_____________________________Trigger C2DF2 ________________________-->
    <RefParameter Name="SubModeInput_C2DF2_polarity" Comment="C2IFP2 polarity" CommentCH="通道2极性" DefaultValue="TMR_INPUT_RISING_EDGE" Type="list" Visible="true" Group="Sub-mode input settings" GroupCH="次定时器模式输入设置">
        <Condition Diagnostic="" Expression="!Semaphore_input_Channel2$IpInstance"/>
        <PossibleValue Value="TMR_INPUT_RISING_EDGE" Comment="Rising edge" CommentCH="上升沿"/>
        <PossibleValue Value="TMR_INPUT_FALLING_EDGE" Comment="Falling edge" CommentCH="下降沿"/>
        <PossibleValue Value="TMR_INPUT_BOTH_EDGE" Comment="Both edge" CommentCH="双边沿"/>
    </RefParameter>
    <RefParameter Name="SubModeInput_C2DF2_filter" Comment="C2IFP2 filter (4 bits value)" CommentCH="通道2滤波(4位值)" DefaultValue="0" Max="15" Min="0" Type="integer" Visible="true" Group="Sub-mode input settings" GroupCH="次定时器模式输入设置">
        <Condition Diagnostic="" Expression="!Semaphore_input_Channel2$IpInstance"/>
    </RefParameter>
    <RefParameter Name="SubModeInput_C2DF2_filter_Frequency" Comment="C2IFP2 filter Frequency" CommentCH="通道2滤波频率" DefaultValue="" Type="string" Unit="Hz"  Group="Sub-mode input settings" GroupCH="次定时器模式输入设置">
        <Condition Diagnostic="" Expression="SubModeInput_C2DF2_filter != 0"/>
    </RefParameter>

    
<!-- *************************DATA for Input **********************************************-->
<!--InputPolarity-->
    <RefParameter Name="InputPolarity" Comment="Polarity Selection" CommentCH="极性选择" DefaultValue="TMR_INPUT_RISING_EDGE" Type="list">
        <PossibleValue Value="TMR_INPUT_RISING_EDGE" Comment="Rising Edge" CommentCH="上升沿"/>
        <PossibleValue Value="TMR_INPUT_FALLING_EDGE" Comment="Falling Edge" CommentCH="下降沿"/>
        <PossibleValue Value="TMR_INPUT_BOTH_EDGE" Comment="Both Edges" CommentCH="双边沿"/>
    </RefParameter>
    
    <RefParameter Name="InputPolarity_CH1" Comment="Polarity Selection" CommentCH="极性选择" DefaultValue="TMR_INPUT_RISING_EDGE" Type="list" Visible="true">
        <PossibleValue Value="TMR_INPUT_RISING_EDGE" Comment="Rising Edge" CommentCH="上升沿"/>
        <PossibleValue Value="TMR_INPUT_FALLING_EDGE" Comment="Falling Edge" CommentCH="下降沿"/>
        <PossibleValue Value="TMR_INPUT_BOTH_EDGE" Comment="Both Edges" CommentCH="双边沿"/>
    </RefParameter>
    <RefParameter Name="InputPolarity_CH1" Comment="Polarity Selection" CommentCH="极性选择" DefaultValue="TMR_INPUT_RISING_EDGE" Type="list" Visible="false">
    	  <Condition Diagnostic="" Expression="Semaphore_input_Channel_STI_TI1$IpInstance"/>
        <PossibleValue Value="TMR_INPUT_RISING_EDGE" Comment="Rising Edge" CommentCH="上升沿"/>
    </RefParameter>
    
    <RefParameter Name="InputPolarity_CH2" Comment="Polarity Selection" CommentCH="极性选择" DefaultValue="TMR_INPUT_RISING_EDGE" Type="list" Visible="true">
        <PossibleValue Value="TMR_INPUT_RISING_EDGE" Comment="Rising Edge" CommentCH="上升沿"/>
        <PossibleValue Value="TMR_INPUT_FALLING_EDGE" Comment="Falling Edge" CommentCH="下降沿"/>
        <PossibleValue Value="TMR_INPUT_BOTH_EDGE" Comment="Both Edges" CommentCH="双边沿"/>
    </RefParameter>
    <RefParameter Name="InputPolarity_CH2" Comment="Polarity Selection" CommentCH="极性选择" DefaultValue="TMR_INPUT_RISING_EDGE" Type="list" Visible="false">
    	  <Condition Diagnostic="" Expression="Semaphore_input_Channel_STI_TI2$IpInstance"/>
        <PossibleValue Value="TMR_INPUT_RISING_EDGE" Comment="Rising Edge" CommentCH="上升沿"/>
    </RefParameter>

<!--InputSelection-->
    <RefParameter Name="InputSelection_Channel1" Comment="Mapped Selection" CommentCH="映射选择" DefaultValue="TMR_CC_CHANNEL_MAPPED_DIRECT" Type="list">
        <Condition Diagnostic="" Expression="Semaphore_input_Channel1_direct$IpInstance"/>
        <PossibleValue Value="TMR_CC_CHANNEL_MAPPED_DIRECT" Comment="Direct" CommentCH="直接映射"/>
    </RefParameter>
    <RefParameter Name="InputSelection_Channel1" Comment="Mapped Selection" CommentCH="映射选择" DefaultValue="TMR_CC_CHANNEL_MAPPED_INDIRECT" Type="list">
        <Condition Diagnostic="" Expression="Semaphore_input_Channel1_indirect$IpInstance"/>
        <PossibleValue Value="TMR_CC_CHANNEL_MAPPED_INDIRECT" Comment="Indirect" CommentCH="间接映射"/>
    </RefParameter>
    <RefParameter Name="InputSelection_Channel1" Comment="Mapped Selection" CommentCH="映射选择" DefaultValue="TMR_CC_CHANNEL_MAPPED_STI" Type="list">
    	  <Condition Diagnostic="" Expression="Semaphore_input_Channel_STI_TI1$IpInstance"/>
        <PossibleValue Value="TMR_CC_CHANNEL_MAPPED_STI" Comment="STI" CommentCH="映射至STI"/>
    </RefParameter>
    
    <RefParameter Name="InputSelection_Channel2" Comment="Mapped Selection" CommentCH="映射选择" DefaultValue="TMR_CC_CHANNEL_MAPPED_DIRECT" Type="list">
        <Condition Diagnostic="" Expression="Semaphore_input_Channel2_direct$IpInstance"/>
        <PossibleValue Value="TMR_CC_CHANNEL_MAPPED_DIRECT" Comment="Direct" CommentCH="直接映射"/>
    </RefParameter>
    <RefParameter Name="InputSelection_Channel2" Comment="Mapped Selection" CommentCH="映射选择" DefaultValue="TMR_CC_CHANNEL_MAPPED_INDIRECT" Type="list">
        <Condition Diagnostic="" Expression="Semaphore_input_Channel2_indirect$IpInstance"/>
        <PossibleValue Value="TMR_CC_CHANNEL_MAPPED_INDIRECT" Comment="Indirect" CommentCH="间接映射"/>
    </RefParameter>
    <RefParameter Name="InputSelection_Channel2" Comment="Mapped Selection" CommentCH="映射选择" DefaultValue="TMR_CC_CHANNEL_MAPPED_STI" Type="list">
    	  <Condition Diagnostic="" Expression="Semaphore_input_Channel_STI_TI2$IpInstance"/>
        <PossibleValue Value="TMR_CC_CHANNEL_MAPPED_STI" Comment="STI" CommentCH="映射至STI"/>
    </RefParameter>
        
<!--InputDivider-->
    <RefParameter Name="InputDivider_Channel1" Comment="Input divider" CommentCH="输入除频" DefaultValue="TMR_CHANNEL_INPUT_DIV_1" Type="list">
        <PossibleValue Value="TMR_CHANNEL_INPUT_DIV_1" Comment="No divider" CommentCH="无除频"/>
        <PossibleValue Value="TMR_CHANNEL_INPUT_DIV_2" Comment="Divided by 2" CommentCH="2除频"/>
        <PossibleValue Value="TMR_CHANNEL_INPUT_DIV_4" Comment="Divided by 4" CommentCH="4除频"/>
        <PossibleValue Value="TMR_CHANNEL_INPUT_DIV_8" Comment="Divided by 8" CommentCH="8除频"/>
    </RefParameter>
    <RefParameter Name="InputDivider_Channel2" Comment="Input divider" CommentCH="输入除频" DefaultValue="TMR_CHANNEL_INPUT_DIV_1" Type="list">
        <PossibleValue Value="TMR_CHANNEL_INPUT_DIV_1" Comment="No divider" CommentCH="无除频"/>
        <PossibleValue Value="TMR_CHANNEL_INPUT_DIV_2" Comment="Divided by 2" CommentCH="2除频"/>
        <PossibleValue Value="TMR_CHANNEL_INPUT_DIV_4" Comment="Divided by 4" CommentCH="4除频"/>
        <PossibleValue Value="TMR_CHANNEL_INPUT_DIV_8" Comment="Divided by 8" CommentCH="8除频"/>
    </RefParameter>

<!--InputFilter-->
    <RefParameter Name="InputFilter" Comment="Input Filter (4 bits value)" CommentCH="输入滤波(4位值)" DefaultValue="0" Max="15" Min="0" Type="integer">
    </RefParameter>
    
    <RefParameter Name="InputFilter_CH1" Comment="Input Filter (4 bits value)" CommentCH="输入滤波(4位值)" DefaultValue="0" Max="15" Min="0" Type="integer" Visible="true">
        <Condition Diagnostic="" Expression="Semaphore_SubModeInput_C1DF1$IpInstance|Semaphore_SubModeInput_C1INC$IpInstance&amp; Semaphore_input_Channel1_indirect$IpInstance"/>
    </RefParameter>
    <RefParameter Name="InputFilter_CH1" Comment="Input Filter (4 bits value)" CommentCH="输入滤波(4位值)" DefaultValue="0" Max="15" Min="0" Type="integer" Visible="true">
        <Condition Diagnostic="" Expression="Semaphore_input_Channel1_direct$IpInstance"/>
    </RefParameter>
    <RefParameter Name="InputFilter_CH1" Comment="Input Filter (4 bits value)" CommentCH="输入滤波(4位值)" DefaultValue="0" Max="0" Min="0" Type="integer" Visible="false">
    </RefParameter>
    <RefParameter Name="InputFilter_CH1_Frequency" Comment="Input Filter Frequency" CommentCH="输入滤波频率" DefaultValue="" Type="string" Unit="Hz">
        <Condition Diagnostic="" Expression="InputFilter_CH1 != 0"/>
    </RefParameter>
    
    <RefParameter Name="InputFilter_CH2" Comment="Input Filter (4 bits value)" CommentCH="输入滤波(4位值)" DefaultValue="0" Max="15" Min="0" Type="integer" Visible="true">
        <Condition Diagnostic="" Expression="Semaphore_SubModeInput_C2DF2$IpInstance &amp; Semaphore_input_Channel2_indirect$IpInstance"/>
    </RefParameter>
    <RefParameter Name="InputFilter_CH2" Comment="Input Filter (4 bits value)" CommentCH="输入滤波(4位值)" DefaultValue="0" Max="15" Min="0" Type="integer" Visible="true">
        <Condition Diagnostic="" Expression="Semaphore_input_Channel2_direct$IpInstance"/>
    </RefParameter>
    <RefParameter Name="InputFilter_CH2" Comment="Input Filter (4 bits value)" CommentCH="输入滤波(4位值)" DefaultValue="0" Max="0" Min="0" Type="integer" Visible="false">
    </RefParameter>
    <RefParameter Name="InputFilter_CH2_Frequency" Comment="Input Filter Frequency" CommentCH="输入滤波频率" DefaultValue="" Type="string" Unit="Hz">
        <Condition Diagnostic="" Expression="InputFilter_CH2 != 0"/>
    </RefParameter>
    
    <RefParameter Name="InputFilter_STI_1" Comment="Input Filter (4 bits value)" CommentCH="输入滤波(4位值)" DefaultValue="=SubModeInput_C1INC_filter" Min="=SubModeInput_C1INC_filter" Max="=SubModeInput_C1INC_filter" Type="integer" Visible="false">
        <Condition Diagnostic="" Expression="Semaphore_SubModeInput_C1INC$IpInstance"/>
    </RefParameter>
    <RefParameter Name="InputFilter_STI_1" Comment="Input Filter (4 bits value)" CommentCH="输入滤波(4位值)" DefaultValue="0" Min="0" Max="15" Type="integer" Visible="false">
        <Condition Diagnostic="" Expression="!Semaphore_SubModeInput_C1INC$IpInstance"/>
    </RefParameter>
    <RefParameter Name="InputFilter_STI_2" Comment="Input Filter (4 bits value)" CommentCH="输入滤波(4位值)" DefaultValue="0" Min="0" Max="15" Type="integer" Visible="false">
    </RefParameter>
    <RefParameter Name="InputFilter_STI_3" Comment="Input Filter (4 bits value)" CommentCH="输入滤波(4位值)" DefaultValue="0" Min="0" Max="15" Type="integer" Visible="false">
    </RefParameter>
    <RefParameter Name="InputFilter_STI_4" Comment="Input Filter (4 bits value)" CommentCH="输入滤波(4位值)" DefaultValue="0" Min="0" Max="15" Type="integer" Visible="false">
    </RefParameter>   

<!--IC1Polarity-->
    <RefParameter Name="IC1Polarity" Comment="CH1 Polarity Selection" CommentCH="通道1极性选择" DefaultValue="TMR_INPUT_RISING_EDGE" Type="list">
            <PossibleValue Value="TMR_INPUT_RISING_EDGE" Comment="Rising Edge" CommentCH="上升沿"/>
            <PossibleValue Value="TMR_INPUT_FALLING_EDGE" Comment="Falling Edge" CommentCH="下降沿"/>
    </RefParameter>
<!--IC1Selection-->
    <RefParameter Name="IC1Selection" Comment="CH1 Mapped Selection" CommentCH="通道1映射选择" DefaultValue="TMR_CC_CHANNEL_MAPPED_DIRECT" Type="list">
    	      <Condition Diagnostic="" Expression="Semaphore_PWM_Input_1$IpInstance"/>
            <PossibleValue Value="TMR_CC_CHANNEL_MAPPED_DIRECT" Comment="Direct" CommentCH="直接映射"/>
    </RefParameter>
    <RefParameter Name="IC1Selection" Comment="CH1 Mapped Selection" CommentCH="通道1映射选择" DefaultValue="TMR_CC_CHANNEL_MAPPED_INDIRECT" Type="list">
    	      <Condition Diagnostic="" Expression="Semaphore_PWM_Input_2$IpInstance"/>
            <PossibleValue Value="TMR_CC_CHANNEL_MAPPED_INDIRECT" Comment="Indirect" CommentCH="间接映射"/>
    </RefParameter>

<!--CH1InputDivider-->
     <RefParameter Name="IC1InputDivider" Comment="CH1 Input Divider" CommentCH="通道1输入除频" DefaultValue="TMR_CHANNEL_INPUT_DIV_1" Type="list">
    	      <Condition Diagnostic="" Expression="Semaphore_PWM_Input_1$IpInstance | Semaphore_PWM_Input_2$IpInstance"/>
            <PossibleValue Value="TMR_CHANNEL_INPUT_DIV_1" Comment="No divider" CommentCH="无除频"/>
    </RefParameter>
<!--IC1Filter-->
    <RefParameter Name="IC1Filter" Comment="CH1 Digital Filter (4 bits value)" CommentCH="通道1数字滤波(4位值)" DefaultValue="0" Max="15" Min="0" Type="integer">
    </RefParameter>
    <RefParameter Name="IC1Filter_Frequency" Comment="CH1 Digital Filter Frequency" CommentCH="通道1数字滤波频率" DefaultValue="" Type="string" Unit="Hz">
        <Condition Diagnostic="" Expression="IC1Filter != 0"/>
    </RefParameter>
    
<!--IC2Polarity-->
    <RefParameter Name="IC2Polarity" Comment="CH2 Polarity Selection" CommentCH="通道2极性选择" DefaultValue="TMR_INPUT_RISING_EDGE" Type="list">
            <PossibleValue Value="TMR_INPUT_RISING_EDGE" Comment="Rising Edge" CommentCH="上升沿"/>
            <PossibleValue Value="TMR_INPUT_FALLING_EDGE" Comment="Falling Edge" CommentCH="下降沿"/>
    </RefParameter>
    <RefParameter Name="IC2Polarity" Comment="CH2 Polarity Selection" CommentCH="通道2极性选择" DefaultValue="TMR_INPUT_RISING_EDGE" Type="list">
    	      <Condition Diagnostic="" Expression="IC1Polarity = TMR_INPUT_FALLING_EDGE  &amp; Semaphore_PWM_Input_1$IpInstance | Semaphore_PWM_Input_2$IpInstance"/>
            <PossibleValue Value="TMR_INPUT_RISING_EDGE" Comment="Rising Edge" CommentCH="上升沿"/>
    </RefParameter>
    <RefParameter Name="IC2Polarity" Comment="CH2 Polarity Selection" CommentCH="通道2极性选择" DefaultValue="TMR_INPUT_FALLING_EDGE" Type="list">
    	      <Condition Diagnostic="" Expression="IC1Polarity = TMR_INPUT_RISING_EDGE  &amp; Semaphore_PWM_Input_1$IpInstance | Semaphore_PWM_Input_2$IpInstance"/>
            <PossibleValue Value="TMR_INPUT_FALLING_EDGE" Comment="Falling Edge" CommentCH="下降沿"/>
    </RefParameter>
    
<!--IC2Selection reserved for Encoder Mode-->
     <RefParameter Name="IC2Selection" Comment="CH2 Mapped Selection" CommentCH="通道2映射选择" DefaultValue="TMR_CC_CHANNEL_MAPPED_DIRECT" Type="list">
    	      <Condition Diagnostic="" Expression="Semaphore_PWM_Input_2$IpInstance"/>
            <PossibleValue Value="TMR_CC_CHANNEL_MAPPED_DIRECT" Comment="Direct" CommentCH="直接映射"/>
    </RefParameter>
    <RefParameter Name="IC2Selection" Comment="CH2 Mapped Selection" CommentCH="通道2映射选择" DefaultValue="TMR_CC_CHANNEL_MAPPED_INDIRECT" Type="list">
    	      <Condition Diagnostic="" Expression="Semaphore_PWM_Input_1$IpInstance"/>
            <PossibleValue Value="TMR_CC_CHANNEL_MAPPED_INDIRECT" Comment="Indirect" CommentCH="间接映射"/>
    </RefParameter>
    
<!--IC2Prescaler-->
    <RefParameter Name="IC2InputDivider" Comment="CH2 Input Divider" CommentCH="通道2输入除频" DefaultValue="TMR_CHANNEL_INPUT_DIV_1" Type="list">
    	      <Condition Diagnostic="" Expression="Semaphore_PWM_Input_1$IpInstance | Semaphore_PWM_Input_2$IpInstance"/>
            <PossibleValue Value="TMR_CHANNEL_INPUT_DIV_1" Comment="No divider" CommentCH="无除频"/>
    </RefParameter>
    
<!--IC2Filter-->
    <RefParameter Name="IC2Filter" Comment="CH2 Digital Filter (4 bits value)" CommentCH="通道2数字滤波(4位值)" DefaultValue="0" Max="15" Min="0" Type="integer">
    </RefParameter>
    <RefParameter Name="IC2Filter_Frequency" Comment="CH2 Digital Filter Frequency" CommentCH="通道2数字滤波频率" DefaultValue="" Type="string" Unit="Hz">
        <Condition Diagnostic="" Expression="IC2Filter != 0"/>
    </RefParameter>
  
    <RefParameter Name="SubordinateMode_ForMultiChannels" Comment="Subordinate Mode" CommentCH="次定时器模式" DefaultValue="TMR_SUB_RESET_MODE" Type="list">
        <Condition Expression="Semaphore_PWM_Input_1$IpInstance | Semaphore_PWM_Input_2$IpInstance"/>
        <PossibleValue Value="TMR_SUB_RESET_MODE" Comment="Reset Mode" CommentCH="复位模式"/>
    </RefParameter>

    <RefParameter Name="SubModeInput_Selection_ForMultiChannels" Comment="Sub-mode input selection" CommentCH="次定时器输入选择" DefaultValue="TMR_SUB_INPUT_SEL_C1DF1" Type="list">
        <Condition Diagnostic="" Expression="Semaphore_PWM_Input_1$IpInstance"/>
        <PossibleValue Value="TMR_SUB_INPUT_SEL_C1DF1" Comment="C1IFP1" CommentCH="滤波输入1"/>
    </RefParameter>
    <RefParameter Name="SubModeInput_Selection_ForMultiChannels" Comment="Sub-mode input selection" CommentCH="次定时器输入选择" DefaultValue="TMR_SUB_INPUT_SEL_C2DF2" Type="list">
        <Condition Diagnostic="" Expression="Semaphore_PWM_Input_2$IpInstance"/>
        <PossibleValue Value="TMR_SUB_INPUT_SEL_C2DF2" Comment="C2IFP2" CommentCH="滤波输入2"/>
    </RefParameter>
   
<!-- *************************DATA for Output***********************************************-->
    <RefParameter Name="OCMode_1" Comment="Mode" CommentCH="模式" DefaultValue="TMR_OUTPUT_CONTROL_OFF" Type="list">
            <PossibleValue Value="TMR_OUTPUT_CONTROL_OFF" Comment="Disconnected" CommentCH="断开"/>
            <PossibleValue Value="TMR_OUTPUT_CONTROL_HIGH" Comment="C1ORAW output high when CVAL=C1DT" CommentCH="CVAL=C1DT时设置C1ORAW为高"/>
            <PossibleValue Value="TMR_OUTPUT_CONTROL_LOW" Comment="C1ORAW output low when CVAL=C1DT" CommentCH="CVAL=C1DT时设置C1ORAW为低"/>
            <PossibleValue Value="TMR_OUTPUT_CONTROL_SWITCH" Comment="C1ORAW output switch when CVAL=C1DT" CommentCH="CVAL=C1DT时切换C1ORAW"/>
            <PossibleValue Value="TMR_OUTPUT_CONTROL_FORCE_LOW" Comment="C1ORAW forced low" CommentCH="C1ORAW强制低" Semaphore="Semaphore_forced_output_Channel1$IpInstance"/>
            <PossibleValue Value="TMR_OUTPUT_CONTROL_FORCE_HIGH" Comment="C1ORAW forced high" CommentCH="C1ORAW强制高" Semaphore="Semaphore_forced_output_Channel1$IpInstance"/>
            <PossibleValue Value="TMR_OUTPUT_CONTROL_PWM_MODE_A" Comment="PWM mode A" CommentCH="PWM模式A" Semaphore="Semaphore_OCMode_PWMA_Channel1$IpInstance"/>
            <PossibleValue Value="TMR_OUTPUT_CONTROL_PWM_MODE_B" Comment="PWM mode B" CommentCH="PWM模式B" Semaphore="Semaphore_OCMode_PWMB_Channel1$IpInstance"/>
    </RefParameter>
    <RefParameter Name="OCMode_2" Comment="Mode" CommentCH="模式" DefaultValue="TMR_OUTPUT_CONTROL_OFF" Type="list">
            <PossibleValue Value="TMR_OUTPUT_CONTROL_OFF" Comment="Disconnected" CommentCH="断开"/>
            <PossibleValue Value="TMR_OUTPUT_CONTROL_HIGH" Comment="C2ORAW output high when CVAL=C2DT" CommentCH="CVAL=C2DT时设置C2ORAW为高"/>
            <PossibleValue Value="TMR_OUTPUT_CONTROL_LOW" Comment="C2ORAW output low when CVAL=C2DT" CommentCH="CVAL=C2DT时设置C2ORAW为低"/>
            <PossibleValue Value="TMR_OUTPUT_CONTROL_SWITCH" Comment="C2ORAW output switch when CVAL=C2DT" CommentCH="CVAL=C2DT时切换C2ORAW"/>
            <PossibleValue Value="TMR_OUTPUT_CONTROL_FORCE_LOW" Comment="C2ORAW forced low" CommentCH="C2ORAW强制低" Semaphore="Semaphore_forced_output_Channel2$IpInstance"/>
            <PossibleValue Value="TMR_OUTPUT_CONTROL_FORCE_HIGH" Comment="C2ORAW forced high" CommentCH="C2ORAW强制高" Semaphore="Semaphore_forced_output_Channel2$IpInstance"/>
            <PossibleValue Value="TMR_OUTPUT_CONTROL_PWM_MODE_A" Comment="PWM mode A" CommentCH="PWM模式A" Semaphore="Semaphore_OCMode_PWMA_Channel2$IpInstance"/>
            <PossibleValue Value="TMR_OUTPUT_CONTROL_PWM_MODE_B" Comment="PWM mode B" CommentCH="PWM模式B" Semaphore="Semaphore_OCMode_PWMB_Channel2$IpInstance"/>
    </RefParameter>    
    
    <RefParameter Name="OC1ImmediatelyMode_PWM" Comment="Immediately Mode" CommentCH="立即输出模式" DefaultValue="FALSE" Type="list">
    	      <Condition Diagnostic="" Expression="Semaphore_OCMode_PWMA_Channel1$IpInstance | Semaphore_OCMode_PWMB_Channel1$IpInstance"/>
            <PossibleValue Value="FALSE" Comment="Disable" CommentCH="关闭"/>
            <PossibleValue Value="TRUE" Comment="Enable" CommentCH="开启"/>
    </RefParameter>
    <RefParameter Name="OC2ImmediatelyMode_PWM" Comment="Immediately Mode" CommentCH="立即输出模式" DefaultValue="FALSE" Type="list">
    	      <Condition Diagnostic="" Expression="Semaphore_OCMode_PWMA_Channel2$IpInstance | Semaphore_OCMode_PWMB_Channel2$IpInstance"/>
            <PossibleValue Value="FALSE" Comment="Disable" CommentCH="关闭"/>
            <PossibleValue Value="TRUE" Comment="Enable" CommentCH="开启"/>
    </RefParameter>
    
    <RefParameter Name="ChannelData_1" Comment="Channel data (16 bits value)" CommentCH="通道数据(16位值)" DefaultValue="0" Max="65535" Min="0" Type="integer">
    </RefParameter>
    <RefParameter Name="ChannelData_2" Comment="Channel data (16 bits value)" CommentCH="通道数据(16位值)" DefaultValue="0" Max="65535" Min="0" Type="integer">
    </RefParameter>
    
    <RefParameter Name="OCState_1" Comment="CH State" CommentCH="通道状态" DefaultValue="FALSE" Type="list" Visible="false">
    	      <Condition Diagnostic="" Expression="!Semaphore_Channel1x$IpInstance"/>
            <PossibleValue Value="FALSE" Comment="Disable" CommentCH="关闭"/>
    </RefParameter>
    <RefParameter Name="OCState_1" Comment="CH State" CommentCH="通道状态" DefaultValue="TRUE" Type="list" Visible="false">
    	      <Condition Diagnostic="" Expression="Semaphore_Channel1x$IpInstance"/>
            <PossibleValue Value="TRUE" Comment="Enable" CommentCH="开启"/>
    </RefParameter>
    <RefParameter Name="OCState_2" Comment="CH State" CommentCH="通道状态" DefaultValue="FALSE" Type="list" Visible="false">
    	      <Condition Diagnostic="" Expression="!Semaphore_Channel2x$IpInstance"/>
            <PossibleValue Value="FALSE" Comment="Disable" CommentCH="关闭"/>
    </RefParameter>
    <RefParameter Name="OCState_2" Comment="CH State" CommentCH="通道状态" DefaultValue="TRUE" Type="list" Visible="false">
    	      <Condition Diagnostic="" Expression="Semaphore_Channel2x$IpInstance"/>
            <PossibleValue Value="TRUE" Comment="Enable" CommentCH="开启"/>
    </RefParameter>
    
    <RefParameter Name="OCCState_1" Comment="CH State" CommentCH="通道状态" DefaultValue="FALSE" Type="list" Visible="false">
    	      <Condition Diagnostic="" Expression="!Semaphore_Channel1C$IpInstance"/>
            <PossibleValue Value="FALSE" Comment="Disable" CommentCH="关闭"/>
    </RefParameter>
    <RefParameter Name="OCCState_1" Comment="CH State" CommentCH="通道状态" DefaultValue="TRUE" Type="list" Visible="false">
    	      <Condition Diagnostic="" Expression="Semaphore_Channel1C$IpInstance"/>
            <PossibleValue Value="TRUE" Comment="Enable" CommentCH="开启"/>
    </RefParameter>
    <RefParameter Name="OCCState_2" Comment="CH State" CommentCH="通道状态" DefaultValue="FALSE" Type="list" Visible="false">
    	      <Condition Diagnostic="" Expression="!Semaphore_Channel2C$IpInstance"/>
            <PossibleValue Value="FALSE" Comment="Disable" CommentCH="关闭"/>
    </RefParameter>
    <RefParameter Name="OCCState_2" Comment="CH State" CommentCH="通道状态" DefaultValue="TRUE" Type="list" Visible="false">
    	      <Condition Diagnostic="" Expression="Semaphore_Channel2C$IpInstance"/>
            <PossibleValue Value="TRUE" Comment="Enable" CommentCH="开启"/>
    </RefParameter>
    
    <RefParameter Name="OCPolarity_1" Comment="CH Polarity" CommentCH="通道极性" DefaultValue="TMR_OUTPUT_ACTIVE_HIGH" Type="list" Visible="false">
        <Condition Diagnostic="" Expression="!Semaphore_Channel1x$IpInstance"/>
            <PossibleValue Value="TMR_OUTPUT_ACTIVE_HIGH" Comment="High" CommentCH="高"/>
    </RefParameter>
    <RefParameter Name="OCPolarity_1" Comment="CH Polarity" CommentCH="通道极性" DefaultValue="TMR_OUTPUT_ACTIVE_HIGH" Type="list">
        <Condition Diagnostic="" Expression="Semaphore_Channel1x$IpInstance"/>
            <PossibleValue Value="TMR_OUTPUT_ACTIVE_HIGH" Comment="High" CommentCH="高"/>
            <PossibleValue Value="TMR_OUTPUT_ACTIVE_LOW" Comment="Low" CommentCH="低"/>
    </RefParameter>
    <RefParameter Name="OCPolarity_2" Comment="CH Polarity" CommentCH="通道极性" DefaultValue="TMR_OUTPUT_ACTIVE_HIGH" Type="list" Visible="false">
        <Condition Diagnostic="" Expression="!Semaphore_Channel2x$IpInstance"/>
            <PossibleValue Value="TMR_OUTPUT_ACTIVE_HIGH" Comment="High" CommentCH="高"/>
    </RefParameter>
    <RefParameter Name="OCPolarity_2" Comment="CH Polarity" CommentCH="通道极性" DefaultValue="TMR_OUTPUT_ACTIVE_HIGH" Type="list">
        <Condition Diagnostic="" Expression="Semaphore_Channel2x$IpInstance"/>
            <PossibleValue Value="TMR_OUTPUT_ACTIVE_HIGH" Comment="High" CommentCH="高"/>
            <PossibleValue Value="TMR_OUTPUT_ACTIVE_LOW" Comment="Low" CommentCH="低"/>
    </RefParameter>
    
    <RefParameter Name="OCCPolarity_1" Comment="CHC Polarity" CommentCH="通道互补极性" DefaultValue="TMR_OUTPUT_ACTIVE_HIGH" Type="list">
        <Condition Diagnostic="" Expression="Semaphore_Channel1C$IpInstance"/>
            <PossibleValue Value="TMR_OUTPUT_ACTIVE_HIGH" Comment="High" CommentCH="高"/>
            <PossibleValue Value="TMR_OUTPUT_ACTIVE_LOW" Comment="Low" CommentCH="低"/>
    </RefParameter>
    <RefParameter Name="OCCPolarity_1" Comment="CHC Polarity" CommentCH="通道互补极性" DefaultValue="TMR_OUTPUT_ACTIVE_HIGH" Type="list" Visible="false">
        <Condition Diagnostic="" Expression="!Semaphore_Channel1C$IpInstance"/>
            <PossibleValue Value="TMR_OUTPUT_ACTIVE_HIGH" Comment="High" CommentCH="高"/>
    </RefParameter>
    <RefParameter Name="OCCPolarity_2" Comment="CHC Polarity" CommentCH="通道互补极性" DefaultValue="TMR_OUTPUT_ACTIVE_HIGH" Type="list">
        <Condition Diagnostic="" Expression="Semaphore_Channel2C$IpInstance"/>
            <PossibleValue Value="TMR_OUTPUT_ACTIVE_HIGH" Comment="High" CommentCH="高"/>
            <PossibleValue Value="TMR_OUTPUT_ACTIVE_LOW" Comment="Low" CommentCH="低"/>
    </RefParameter>
 <RefParameter Name="OCCPolarity_2" Comment="CHC Polarity" CommentCH="通道互补极性" DefaultValue="TMR_OUTPUT_ACTIVE_HIGH" Type="list" Visible="false">
        <Condition Diagnostic="" Expression="!Semaphore_Channel2C$IpInstance"/>
            <PossibleValue Value="TMR_OUTPUT_ACTIVE_HIGH" Comment="High" CommentCH="高"/>
    </RefParameter>

<!-- OCxPE output Compare Preload management OC / forced -->
    <RefParameter Name="OC1Buffer" Comment="Channel output buffer" CommentCH="通道输出缓存" DefaultValue="FALSE" Type="list" Visible="true">
    	      <Annotation Note="Channel 1 output buffer enable.&lt;br&gt;Disable: Buffer function of TMRx_C1DT is disabled. The new value written to the TMRx_C1DT takes effect immediately.&lt;br&gt;Enable: Buffer function of TMRx_C1DT is enabled. The value to be written to the TMRx_C1DT is stored in the buffer register, and can be sent to the TMRx_C1DT register only on an overflow event. &lt;br&gt;" 
        	  	                   NoteCH="通道1输出缓存使能（Channel 1 output buffer enable） &lt;br&gt;关闭：关闭TMRx_C1DT的缓存功能，写入TMRx_C1DT的内容会立即生效。 &lt;br&gt;开启：启用TMRx_C1DT的缓存功能，写入TMRx_C1DT的内容将保存到缓存寄存器中，当发生溢出事件时再更新到TMRx_C1DT中。&lt;br&gt;"/>
            <PossibleValue Value="FALSE" Comment="Disable" CommentCH="关闭"/>
            <PossibleValue Value="TRUE" Comment="Enable" CommentCH="开启"/>
    </RefParameter>
    <RefParameter Name="OC2Buffer" Comment="Channel output buffer" CommentCH="通道输出缓存" DefaultValue="FALSE" Type="list" Visible="true">
            <Annotation Note="Channel 2 output buffer enable.&lt;br&gt;Disable: Buffer function of TMRx_C2DT is disabled. The new value written to the TMRx_C2DT takes effect immediately.&lt;br&gt;Enable: Buffer function of TMRx_C2DT is enabled. The value to be written to the TMRx_C2DT is stored in the buffer register, and can be sent to the TMRx_C2DT register only on an overflow event. &lt;br&gt;" 
        	  	                   NoteCH="通道2输出缓存使能（Channel 2 output buffer enable） &lt;br&gt;关闭：关闭TMRx_C2DT的缓存功能，写入TMRx_C2DT的内容会立即生效。 &lt;br&gt;开启：启用TMRx_C2DT的缓存功能，写入TMRx_C2DT的内容将保存到缓存寄存器中，当发生溢出事件时再更新到TMRx_C2DT中。&lt;br&gt;"/>
        	   <PossibleValue Value="FALSE" Comment="Disable" CommentCH="关闭"/>
            <PossibleValue Value="TRUE" Comment="Enable" CommentCH="开启"/>
    </RefParameter>

 <!-- ***********************************************************************************-->
<!--/\/\/\/\/\/\/\/\/\/\/\/\/\/\/\/\/\/\/\/\/\/\/\/\/\/\/\/\/\/\/\/\/\/\/\/\/\/\/\/\/\/\/\/\/\/\/\/\-->
<!--/\/\/\/\/\/\/\/\/\/\/\/\/\/\/\/\/ REF MODE \/\/\/\/\/\/\/\/\/\/\/\/\/\/\/\/\/\/\/\/\-->
<!--/\/\/\/\/\/\/\/\/\/\/\/\/\/\/\/\/\/\/\/\/\/\/\/\/\/\/\/\/\/\/\/\/\/\/\/\/\/\/\/\/\/\/\/\/\/\/\/\-->
<!-- ***********************************************************************************-->
    <RefMode Name="Counter_init" Abstract="true">
    	      <Parameter Name="Channel1Mode"/>
            <Parameter Name="Channel2Mode"/>
    	      <Parameter Name="Multi_Channels"/>
    	      <Parameter Name="One_Cycle_Mode"/>    	      
    	      <Parameter Name="ClockSource"/>
    	      
            <Parameter Name="DividerValue"/>
            <Parameter Name="CounterDirection"/>
            <Parameter Name="Period"/>
            <Parameter Name="ClockDivision"/>
            <Parameter Name="PeriodBufferEnable"/>
            <Parameter Name="Overflow_Event"/>
    </RefMode>
    
<!-- AJOUT POUR PARTIR DES TRIGGER SOURCE ET PLUS DES MODES -->
    <RefMode BaseMode ="Sub-mode input selection" Name="SubModeInput_IS0">
           <Parameter Name="SubModeInput_Selection"/>
           <Parameter Name="TMR_SubMode_Control"/>
    </RefMode>
    <RefMode BaseMode ="Sub-mode input selection" Name="SubModeInput_IS1">
           <Parameter Name="SubModeInput_Selection"/>
           <Parameter Name="TMR_SubMode_Control"/>
    </RefMode>
    <RefMode BaseMode ="Sub-mode input selection" Name="SubModeInput_IS2">
           <Parameter Name="SubModeInput_Selection"/>
           <Parameter Name="TMR_SubMode_Control"/>
    </RefMode>
    <RefMode BaseMode ="Sub-mode input selection" Name="SubModeInput_IS3">
           <Parameter Name="SubModeInput_Selection"/>
           <Parameter Name="TMR_SubMode_Control"/>
    </RefMode>
    <RefMode BaseMode ="Sub-mode input selection" Name="SubModeInput_C1INC">
           <Parameter Name="SubModeInput_Selection"/>
           <Parameter Name="SubModeInput_C1INC_filter"/>
           <Parameter Name="SubModeInput_C1INC_filter_Frequency"/>
           <Parameter Name="TMR_SubMode_Control"/>
    </RefMode>
    <RefMode BaseMode ="Sub-mode input selection" Name="SubModeInput_C1DF1">
           <Parameter Name="SubModeInput_Selection"/>
           <Parameter Name="SubModeInput_C1DF1_polarity"/>
           <Parameter Name="SubModeInput_C1DF1_filter"/>
           <Parameter Name="SubModeInput_C1DF1_filter_Frequency"/>
           <Parameter Name="TMR_SubMode_Control"/>
    </RefMode>
    <RefMode BaseMode ="Sub-mode input selection" Name="SubModeInput_C2DF2">
           <Parameter Name="SubModeInput_Selection"/>
           <Parameter Name="SubModeInput_C2DF2_polarity"/>
           <Parameter Name="SubModeInput_C2DF2_filter"/>
           <Parameter Name="SubModeInput_C2DF2_filter_Frequency"/>
           <Parameter Name="TMR_SubMode_Control"/>
    </RefMode>

<!-- ***************************Refmode Input*****************************************-->
    <!-- ***********Channel1 Input***************-->
    <RefMode BaseMode ="Channel1 mode" Name="Input_direct_mode" Group="Input Channel 1" GroupCH="通道1输入">
            <Parameter Name="Channel1"/>
            <Parameter Name="InputPolarity_CH1"/>
            <Parameter Name="InputSelection_Channel1"/>
            <Parameter Name="InputDivider_Channel1"/>
            <Parameter Name="InputFilter_CH1"/>
            <Parameter Name="InputFilter_CH1_Frequency"/>
    </RefMode>
    <RefMode BaseMode ="Channel1 mode" Name="Input_indirect_mode" Group="Input Channel 1" GroupCH="通道1输入">
            <Parameter Name="Channel1"/>
            <Parameter Name="InputPolarity_CH1"/>
            <Parameter Name="InputSelection_Channel1"/>
            <Parameter Name="InputDivider_Channel1"/>
            <Parameter Name="InputFilter_CH1"/>
            <Parameter Name="InputFilter_CH1_Frequency"/>
    </RefMode>
    <RefMode BaseMode ="Channel1 mode" Name="Input_STI" Group="Input Channel 1" GroupCH="通道1输入">
            <Parameter Name="Channel1"/>
            <Parameter Name="InputPolarity_CH1"/>
            <Parameter Name="InputSelection_Channel1"/>
            <Parameter Name="InputDivider_Channel1"/>
            <Parameter Name="InputFilter_STI_1"/>
    </RefMode>
    <!-- ***********Channel2 Input***************-->
    <RefMode BaseMode ="Channel2 mode" Name="Input_direct_mode" Group="Input Channel 2" GroupCH="通道2输入">
            <Parameter Name="Channel2"/>
            <Parameter Name="InputPolarity_CH2"/>
            <Parameter Name="InputSelection_Channel2"/>
            <Parameter Name="InputDivider_Channel2"/>
            <Parameter Name="InputFilter_CH2"/>
            <Parameter Name="InputFilter_CH2_Frequency"/>
    </RefMode>
    <RefMode BaseMode ="Channel2 mode" Name="Input_indirect_mode" Group="Input Channel 2" GroupCH="通道2输入">
            <Parameter Name="Channel2"/>
            <Parameter Name="InputPolarity_CH2"/>
            <Parameter Name="InputSelection_Channel2"/>
            <Parameter Name="InputDivider_Channel2"/>
            <Parameter Name="InputFilter_CH2"/>
            <Parameter Name="InputFilter_CH2_Frequency"/>
    </RefMode>
    <RefMode BaseMode ="Channel2 mode" Name="Input_STI" Group="Input Channel 2" GroupCH="通道2输入">
            <Parameter Name="Channel2"/>
            <Parameter Name="InputPolarity_CH2"/>
            <Parameter Name="InputSelection_Channel2"/>
            <Parameter Name="InputDivider_Channel2"/>
            <Parameter Name="InputFilter_STI_2"/>
    </RefMode>


<!--****************************** Refmode Output ******************************-->
    <!-- ***********Channel1 Output***************-->
    <RefMode BaseMode ="Channel1 mode" Name="Output_without_pin" Group="Output No Output Channel 1" GroupCH="通道1无引脚输出">
           <Parameter Name="Channel1"/>
           <Parameter Name="OCMode_1"/>
           <Parameter Name="ChannelData_1"/>
           <Parameter Name="OC1Buffer"/>
           <Parameter Name="OC1ImmediatelyMode_PWM"/>
           <Parameter Name="OCState_1"/>
           <Parameter Name="OCCState_1"/>
           <Parameter Name="OCPolarity_1"/>
           <Parameter Name="OCCPolarity_1"/>
    </RefMode>
    <RefMode BaseMode ="Channel1 mode" Name="Output_CH1" Group="Output Channel 1" GroupCH="通道1输出">
           <Parameter Name="Channel1"/>
           <Parameter Name="OCMode_1"/>
           <Parameter Name="ChannelData_1"/>
           <Parameter Name="OC1Buffer"/>
           <Parameter Name="OC1ImmediatelyMode_PWM"/>
           <Parameter Name="OCState_1"/>
           <Parameter Name="OCCState_1"/>
           <Parameter Name="OCPolarity_1"/>
           <Parameter Name="OCCPolarity_1"/>
    </RefMode>
    
    <!-- ***********Channel2 Output***************-->
    <RefMode BaseMode ="Channel2 mode" Name="Output_without_pin" Group="Output No Output Channel 2" GroupCH="通道2无引脚输出">
           <Parameter Name="Channel2"/>
           <Parameter Name="OCMode_2"/>
           <Parameter Name="ChannelData_2"/>
           <Parameter Name="OC2Buffer"/>
           <Parameter Name="OC2ImmediatelyMode_PWM"/>
           <Parameter Name="OCState_2"/>
           <Parameter Name="OCPolarity_2"/>
    </RefMode>
    <RefMode BaseMode ="Channel2 mode" Name="Output_CH2" Group="Output Channel 2" GroupCH="通道2输出">
           <Parameter Name="Channel2"/>
           <Parameter Name="OCMode_2"/>
           <Parameter Name="ChannelData_2"/>
           <Parameter Name="OC2Buffer"/>
           <Parameter Name="OC2ImmediatelyMode_PWM"/>
           <Parameter Name="OCState_2"/>
           <Parameter Name="OCPolarity_2"/>
    </RefMode>

 <!--******************************END Refmode Output******************************-->

<!--**************************** PWM input CH1 *******************************-->
    <RefMode BaseMode ="Multi-Channels" Name="PWM_Input_1" Group="PWM Input With CH1" GroupCH="通道1 PWM输入">
    	     <Parameter Name="SubordinateMode_ForMultiChannels"/>
           <Parameter Name="SubModeInput_Selection_ForMultiChannels"/>
           <Parameter Name="IC1Polarity"/>
           <Parameter Name="IC1Selection"/>
           <Parameter Name="IC1InputDivider"/>
           <Parameter Name="IC1Filter"/>
           <Parameter Name="IC1Filter_Frequency"/>
           <Parameter Name="IC2Polarity"/>
           <Parameter Name="IC2Selection"/>
           <Parameter Name="IC2InputDivider"/>
           <Parameter Name="IC2Filter"/>
           <Parameter Name="IC2Filter_Frequency"/>
    </RefMode>
<!--**************************** PWM input CH2 *******************************-->
    <RefMode BaseMode ="Multi-Channels" Name="PWM_Input_2" Group="PWM Input With CH2" GroupCH="通道2 PWM输入">
    	     <Parameter Name="SubordinateMode_ForMultiChannels"/>
           <Parameter Name="SubModeInput_Selection_ForMultiChannels"/>
           <Parameter Name="IC1Polarity"/>
           <Parameter Name="IC1Selection"/>
           <Parameter Name="IC1InputDivider"/>
           <Parameter Name="IC1Filter"/>
           <Parameter Name="IC1Filter_Frequency"/>
           <Parameter Name="IC2Polarity"/>
           <Parameter Name="IC2Selection"/>
           <Parameter Name="IC2InputDivider"/>
           <Parameter Name="IC2Filter"/>
           <Parameter Name="IC2Filter_Frequency"/>
    </RefMode>

    <!-- ModeLogicOperator for TMR -->
    <ModeLogicOperator Name="OR">
    	   <Mode Name="Activated" UserName="Activated" UserNameCH="启用">
            <Condition Expression="!TimeBase_$IpInstance_SYSTEM" 
        	  	                   Diagnostic="This TMR already used for &quot;Timebase Source&quot; in SYSTEM" 
        	  	                   DiagnosticCH="此TMR已经被用于SYSTEM中&quot;时基源&quot;"/>  
            <ModeLogicOperator Name="OR" UserName="Activated" UserNameCH="启用">
                <Mode Name="Activated">
                    <Semaphore>Semaphore_Activated$IpInstance</Semaphore>
                    <SignalLogicalOp Name="AND">
                        <Signal Name="VS_Activated"/>
                    </SignalLogicalOp>
                </Mode>
            </ModeLogicOperator>
        </Mode>
        
        <Mode Name="Channel1 mode" UserName="Channel1 mode" UserNameCH="通道1模式">
        	   <Condition Expression="!Semaphore_Multi_Channels$IpInstance &amp;Semaphore_Activated$IpInstance" 
        	  	                   Diagnostic="(1) Need to select &quot;Activated&quot;&lt;br&gt;(2) Not valid while a &quot;Multi-Channels&quot; is active" 
        	  	                   DiagnosticCH="(1) 需要选择 &quot;启用&quot;&lt;br&gt;(2) 当设置了&quot;通道组合&quot;时无效"/>  
            <ModeLogicOperator Name="XOR">
                <Mode Name="Input_direct_mode" UserName="Input direct mode" UserNameCH="直接输入模式">
                	  <Condition Expression="Semaphore_SOM_Reset$IpInstance | !Semaphore_SubModeInputOn_CH1$IpInstance"
                	  	                  Diagnostic="Channel1 is already used as input for the &quot;Subordinate mode&quot; controller" 
                	  	                  DiagnosticCH="通道1已经被用于&quot;次定时器模式&quot;的输入"/>
                	  <Semaphore>Semaphore_Channel1$IpInstance</Semaphore>
                    <Semaphore>Semaphore_Channel_1_DMA_Enable$IpInstance</Semaphore>
                    <Semaphore>Semaphore_input_Channel1$IpInstance</Semaphore>
                    <Semaphore>Semaphore_input_Channel1_direct$IpInstance</Semaphore>
                    <Semaphore>Semaphore_CH1pinUsed$IpInstance</Semaphore>
                    <Semaphore>Semaphore_CH1_Input_IO$IpInstance</Semaphore>
                    <SignalLogicalOp Name="AND">
                        <Signal Name="CH1" Direction="Input" IOMode="Input"/>
                    </SignalLogicalOp>
                </Mode>
                <Mode Name="Input_indirect_mode" UserName="Input indirect mode" UserNameCH="间接输入模式">
                	  <Semaphore>Semaphore_Channel1$IpInstance</Semaphore>
                    <Semaphore>Semaphore_Channel_1_DMA_Enable$IpInstance</Semaphore>
                    <Semaphore>Semaphore_input_Channel1$IpInstance</Semaphore>
                    <Semaphore>Semaphore_input_Channel1_indirect$IpInstance</Semaphore>
                    <Semaphore>Semaphore_CH2_Input_IO$IpInstance</Semaphore>
                    <Condition Expression="Semaphore_input_Channel2_direct$IpInstance"
                    	                  Diagnostic="Channel2 must be in &quot;Input direct mode&quot; to activate this mode"
                    	                  DiagnosticCH="通道2设置为&quot;直接输入模式&quot;时，此项有效"/>
                    <SignalLogicalOp Name="AND">
                        <Signal Name="VS_indirect_ch1"/>
                    </SignalLogicalOp>
                </Mode>
                <Mode Name="Input_STI" UserName="Input sub-timer input mode(STI)" UserNameCH="次定时器输入模式(STI)">
                    <Condition Expression="Semaphore_SourceSTI$IpInstance"
                    	                   Diagnostic="An &quot;ISx&quot; or &quot;C1INC&quot; must be selected as &quot;Sub-mode input selection&quot;" 
                    	                   DiagnosticCH="&quot;次定时器模式输入选项&quot;需设置为&quot;内部选择x&quot;或者&quot;C1IRAW的输入检测器(C1INC)&quot;"/>
                    <Semaphore>Semaphore_Channel1$IpInstance</Semaphore>
                    <Semaphore>Semaphore_Channel_1_DMA_Enable$IpInstance</Semaphore>
                    <Semaphore>Semaphore_input_Channel1$IpInstance</Semaphore>
                    <Semaphore>Semaphore_input_Channel_STI$IpInstance</Semaphore>
                    <Semaphore>Semaphore_input_Channel_STI_TI1$IpInstance</Semaphore>
                    <SignalLogicalOp Name="AND">
                        <Signal Name="VS_CH1"/>
                    </SignalLogicalOp>
                </Mode>
                <Mode Name="Output_without_pin" UserName="Output without pin" UserNameCH="无引脚输出">
                    <Condition Expression="!Semaphore_SubModeInputOn_CH1$IpInstance"
                    	                   Diagnostic="Channel1 cannot be used in output while the &quot;Sub-mode input selection&quot; is in &quot;C1INC&quot; or &quot;C1IFP1&quot;"
                    	                   DiagnosticCH="&quot;次定时器模式输入选项&quot; 设置为 &quot;C1IRAW的输入检测器(C1INC)&quot; 或者 &quot;滤波输入1&quot;时，通道1不能用于输出"/>
                    <Semaphore>Semaphore_Channel1$IpInstance</Semaphore>
                    <Semaphore>Semaphore_Channel_1_DMA_Enable$IpInstance</Semaphore>
                    <Semaphore>Semaphore_output_Channel$IpInstance</Semaphore>
                    <Semaphore>Semaphore_output_Channel1$IpInstance</Semaphore>
                    <Semaphore>Semaphore_OC_No_output_Channel1$IpInstance</Semaphore>
                    <Semaphore>Semaphore_clearable$IpInstance</Semaphore>
                    <Semaphore>Semaphore_Channel1x$IpInstance</Semaphore>
                    <SignalLogicalOp Name="AND">
                        <Signal Name="VS_no_output1"/>
                    </SignalLogicalOp>
                </Mode>
                <Mode Name="Output_CH1" UserName="Output_CH1" UserNameCH="通道1输出">
                    <Condition Expression="!Semaphore_SubModeInputOn_CH1$IpInstance"
                    	                   Diagnostic="Channel1 cannot be used in output while the &quot;Sub-mode input selection&quot; is in &quot;C1INC&quot; or &quot;C1IFP1&quot;"
                    	                   DiagnosticCH="&quot;次定时器模式输入选项&quot; 设置为 &quot;C1IRAW的输入检测器(C1INC)&quot; 或者 &quot;滤波输入1&quot;时，通道1不能用于输出"/>
                    <Semaphore>Semaphore_Channel1$IpInstance</Semaphore>
                    <Semaphore>Semaphore_Channel_1_DMA_Enable$IpInstance</Semaphore>
                    <Semaphore>Semaphore_output_Channel$IpInstance</Semaphore>
                    <Semaphore>Semaphore_output_Channel1$IpInstance</Semaphore>
                    <Semaphore>Semaphore_OC_output_Channel1$IpInstance</Semaphore>
                    <Semaphore>Semaphore_clearable$IpInstance</Semaphore>
                    <Semaphore>Semaphore_Channel1x$IpInstance</Semaphore>
                    <Semaphore>Semaphore_CH1pinUsed$IpInstance</Semaphore>
                    <SignalLogicalOp Name="AND">
                        <Signal Name="CH1" Direction="Output"/>
                    </SignalLogicalOp>
                </Mode>
            </ModeLogicOperator>
        </Mode>
        
        <Mode Name="Channel2 mode" UserName="Channel2 mode" UserNameCH="通道2模式">
        	  <Condition Expression="!Semaphore_Multi_Channels$IpInstance &amp;Semaphore_Activated$IpInstance" 
        	  	                   Diagnostic="(1) Need to select &quot;Activated&quot;&lt;br&gt;(2) Not valid while a &quot;Multi-Channels&quot; is active" 
        	  	                   DiagnosticCH="(1) 需要选择 &quot;启用&quot;&lt;br&gt;(2) 当设置了&quot;通道组合&quot;时无效"/>       
            <ModeLogicOperator Name="XOR">
                <Mode Name="Input_direct_mode" UserName="Input direct mode" UserNameCH="直接输入模式">
                	  <Condition Expression="Semaphore_SOM_Reset$IpInstance | !Semaphore_SubModeInputOn_CH2$IpInstance"
                	  	                  Diagnostic="Channel2 is already used as input for the &quot;Subordinate mode&quot; controller" 
                	  	                  DiagnosticCH="通道2已经被用于&quot;次定时器模式&quot;的输入"/>
                	  <Semaphore>Semaphore_Channel2$IpInstance</Semaphore>
                    <Semaphore>Semaphore_Channel_2_DMA_Enable$IpInstance</Semaphore>
                    <Semaphore>Semaphore_input_Channel2$IpInstance</Semaphore>
                    <Semaphore>Semaphore_input_Channel2_direct$IpInstance</Semaphore>
                    <Semaphore>Semaphore_CH2pinUsed$IpInstance</Semaphore>
                    <Semaphore>Semaphore_CH2_Input_IO$IpInstance</Semaphore>
                    <SignalLogicalOp Name="AND">
                        <Signal Name="CH2" Direction="Input" IOMode="Input"/>
                    </SignalLogicalOp>
                </Mode>
                <Mode Name="Input_indirect_mode" UserName="Input indirect mode" UserNameCH="间接输入模式">
                	  <Condition Expression="Semaphore_input_Channel1_direct$IpInstance"
                    	                  Diagnostic="Channel1 must be in &quot;Input direct mode&quot; to activate this mode"
                    	                  DiagnosticCH="通道1设置为&quot;直接输入模式&quot;时，此项有效"/>
                	  <Semaphore>Semaphore_Channel2$IpInstance</Semaphore>
                    <Semaphore>Semaphore_Channel_2_DMA_Enable$IpInstance</Semaphore>
                    <Semaphore>Semaphore_input_Channel2$IpInstance</Semaphore>
                    <Semaphore>Semaphore_input_Channel2_indirect$IpInstance</Semaphore>
                    <Semaphore>Semaphore_CH1_Input_IO$IpInstance</Semaphore>
                    <SignalLogicalOp Name="AND">
                        <Signal Name="VS_indirect_ch2"/>
                    </SignalLogicalOp>
                </Mode>
                <Mode Name="Input_STI" UserName="Input sub-timer input mode(STI)" UserNameCH="次定时器输入模式(STI)">
                    <Condition Expression="Semaphore_SourceSTI$IpInstance"
                    	                   Diagnostic="An &quot;ISx&quot; or &quot;C1INC&quot; must be selected as &quot;Sub-mode input selection&quot;" 
                    	                   DiagnosticCH="&quot;次定时器模式输入选项&quot;需设置为&quot;内部选择x&quot;或者&quot;C1IRAW的输入检测器(C1INC)&quot;"/>
                    <Semaphore>Semaphore_Channel2$IpInstance</Semaphore>
                    <Semaphore>Semaphore_Channel_2_DMA_Enable$IpInstance</Semaphore>
                    <Semaphore>Semaphore_input_Channel2$IpInstance</Semaphore>
                    <Semaphore>Semaphore_input_Channel_STI$IpInstance</Semaphore>
                    <Semaphore>Semaphore_input_Channel_STI_TI2$IpInstance</Semaphore>
                    <SignalLogicalOp Name="AND">
                        <Signal Name="VS_CH2"/>
                    </SignalLogicalOp>
                </Mode>
                <Mode Name="Output_without_pin" UserName="Output without pin" UserNameCH="无引脚输出">
                    <Condition Expression="!Semaphore_SubModeInputOn_CH2$IpInstance"
                    	                   Diagnostic="Channel2 cannot be used in output while the &quot;Sub-mode input selection&quot; is in &quot;C2IFP2&quot;"
                    	                   DiagnosticCH="&quot;次定时器模式输入选项&quot; 设置为 &quot;滤波输入2&quot; 时，通道2不能用于输出"/>
                    <Semaphore>Semaphore_Channel2$IpInstance</Semaphore>
                    <Semaphore>Semaphore_Channel_2_DMA_Enable$IpInstance</Semaphore>
                    <Semaphore>Semaphore_output_Channel$IpInstance</Semaphore>
                    <Semaphore>Semaphore_output_Channel2$IpInstance</Semaphore>
                    <Semaphore>Semaphore_OC_No_output_Channel2$IpInstance</Semaphore>
                    <Semaphore>Semaphore_clearable$IpInstance</Semaphore>
                    <Semaphore>Semaphore_Channel2x$IpInstance</Semaphore>
                    <SignalLogicalOp Name="AND">
                        <Signal Name="VS_no_output2"/>
                    </SignalLogicalOp>
                </Mode>
                <Mode Name="Output_CH2" UserName="Output_CH2" UserNameCH="通道2输出">
                    <Condition Expression="!Semaphore_SubModeInputOn_CH2$IpInstance"
                    	                   Diagnostic="Channel2 cannot be used in output while the &quot;Sub-mode input selection&quot; is in &quot;C2IFP2&quot;"
                    	                   DiagnosticCH="&quot;次定时器模式输入选项&quot; 设置为 &quot;滤波输入2&quot; 时，通道2不能用于输出"/>
                    <Semaphore>Semaphore_Channel2$IpInstance</Semaphore>
                    <Semaphore>Semaphore_Channel_2_DMA_Enable$IpInstance</Semaphore>
                    <Semaphore>Semaphore_output_Channel$IpInstance</Semaphore>
                    <Semaphore>Semaphore_output_Channel2$IpInstance</Semaphore>
                    <Semaphore>Semaphore_OC_output_Channel2$IpInstance</Semaphore>
                    <Semaphore>Semaphore_clearable$IpInstance</Semaphore>
                    <Semaphore>Semaphore_Channel2x$IpInstance</Semaphore>
                    <Semaphore>Semaphore_CH2pinUsed$IpInstance</Semaphore>
                    <SignalLogicalOp Name="AND">
                        <Signal Name="CH2" Direction="Output"/>
                    </SignalLogicalOp>
                </Mode>
            </ModeLogicOperator>
        </Mode>
      
        <Mode Name="Multi-Channels" UserName="Multi-Channels" UserNameCH="通道组合">
            <Condition Expression="!Semaphore_Channel1$IpInstance&amp;!Semaphore_Channel2$IpInstance&amp;!Semaphore_SubordinateMode$IpInstance &amp;Semaphore_Activated$IpInstance"
            	                    Diagnostic="(1) Need to select &quot;Activated&quot;&lt;br&gt;(2) Channel 1 and 2 must not be activated&lt;br&gt;(3) &quot;Subordinate mode&quot;must not be activated" 
            	                    DiagnosticCH="(1) 需要选择 &quot;启用&quot;&lt;br&gt;(2) 需通道1和2未被使用&lt;br&gt;(3) 需&quot;次定时器模式&quot;未使用"/>
            <ModeLogicOperator Name="XOR">
                <Mode Name="PWM_Input_1" UserName="PWM Input with CH1" UserNameCH="通道1 PWM输入">
                    <Semaphore>Semaphore_PWM_Input_1$IpInstance</Semaphore>
                    <Semaphore>Semaphore_Channel_1_DMA_Enable$IpInstance</Semaphore>
                    <Semaphore>Semaphore_Channel_2_DMA_Enable$IpInstance</Semaphore>
                    <Semaphore>Semaphore_Trigger_DMA_Enable$IpInstance</Semaphore>
                    <Semaphore>Semaphore_CH1pinUsed$IpInstance</Semaphore> <!-- correction F2-->
                    <Semaphore>Semaphore_CH1_Input_IO_$IpInstance</Semaphore>
                    <Semaphore>Semaphore_Multi_Channels$IpInstance</Semaphore>
                    <SignalLogicalOp Name="AND">
                        <Signal Name="CH1" Direction="Input" IOMode="Input"/>
                    </SignalLogicalOp>
                </Mode>
                <Mode Name="PWM_Input_2" UserName="PWM Input with CH2" UserNameCH="通道2 PWM输入">
                    <Semaphore>Semaphore_PWM_Input_2$IpInstance</Semaphore>
                    <Semaphore>Semaphore_Channel_1_DMA_Enable$IpInstance</Semaphore>
                    <Semaphore>Semaphore_Channel_2_DMA_Enable$IpInstance</Semaphore>
                    <Semaphore>Semaphore_Trigger_DMA_Enable$IpInstance</Semaphore>
                    <Semaphore>Semaphore_Multi_Channels$IpInstance</Semaphore>
                    <SignalLogicalOp Name="AND">
                        <Signal Name="CH2" Direction="Input" IOMode="Input"/>
                    </SignalLogicalOp>
                </Mode>
            </ModeLogicOperator>           
        </Mode>
        
        <Mode Name="Subordinate mode" UserName="Subordinate mode" UserNameCH="次定时器模式">
            <Condition Expression="!Semaphore_Multi_Channels$IpInstance &amp;Semaphore_Activated$IpInstance" 
        	  	                   Diagnostic="(1) Need to select &quot;Activated&quot;&lt;br&gt;(2) Not valid while a &quot;Multi-Channels&quot; is active" 
        	  	                   DiagnosticCH="(1) 需要选择 &quot;启用&quot;&lt;br&gt;(2) 当设置了&quot;通道组合&quot;时无效"/>  
            <ModeLogicOperator Name="XOR">                
                <Mode Name="Reset Mode" UserName="Reset Mode" UserNameCH="复位模式">
                	  <Semaphore>Semaphore_SubordinateMode$IpInstance</Semaphore>
                    <Semaphore>Semaphore_SOM_Reset$IpInstance</Semaphore>                    
                    <SignalLogicalOp Name="AND">
                        <Signal Name="VS_ControllerModeReset"/>
                    </SignalLogicalOp>
                </Mode>
                <Mode Name="Hang Mode" UserName="Hang Mode" UserNameCH="挂起模式">
                	  <Semaphore>Semaphore_SubordinateMode$IpInstance</Semaphore>
                    <Semaphore>Semaphore_SOM_Hang$IpInstance</Semaphore>                    
                    <Condition Expression="!Semaphore_SubModeInputOn_C1INC$IpInstance" Diagnostic=""/>
                    <SignalLogicalOp Name="AND">
                        <Signal Name="VS_ControllerModeHang"/>
                    </SignalLogicalOp>
                </Mode>
                <Mode Name="Trigger Mode" UserName="Trigger Mode" UserNameCH="触发模式">
                	  <Semaphore>Semaphore_SubordinateMode$IpInstance</Semaphore>
                    <Semaphore>Semaphore_SOM_Trigger$IpInstance</Semaphore>
                    <SignalLogicalOp Name="AND">
                        <Signal Name="VS_ControllerModeTrigger"/>
                    </SignalLogicalOp>
                </Mode>
                <Mode Name="Clock Mode" UserName="External Clock Mode A" UserNameCH="外部时钟模式A">
                	  <Semaphore>Semaphore_SubordinateMode$IpInstance</Semaphore>
                    <Semaphore>Semaphore_SOM_Clock$IpInstance</Semaphore>
                    <SignalLogicalOp Name="AND">
                        <Signal Name="VS_ControllerModeClock"/>
                    </SignalLogicalOp>
                </Mode>
            </ModeLogicOperator>
        </Mode>
        
        <Mode Name="Sub-mode input selection" UserName="Sub-mode input selection" UserNameCH="次定时器模式输入选择">
            <Condition Expression="!Semaphore_Multi_Channels$IpInstance &amp;Semaphore_Activated$IpInstance" 
        	  	                   Diagnostic="(1) Need to select &quot;Activated&quot;&lt;br&gt;(2) Not valid while a &quot;Multi-Channels&quot; is active" 
        	  	                   DiagnosticCH="(1) 需要选择 &quot;启用&quot;&lt;br&gt;(2) 当设置了&quot;通道组合&quot;时无效"/>  
            <ModeLogicOperator Name="XOR">
                <Mode Name="SubModeInput_IS0" UserName="IS0 (TMR2)" UserNameCH="内部选择0 (TMR2)">
                	  <Semaphore>Semaphore_SubModeInput$IpInstance</Semaphore>
                    <Semaphore>Semaphore_SubModeInput_DMA_Enable$IpInstance</Semaphore>
                    <Semaphore>Semaphore_SubModeInput_IS0$IpInstance</Semaphore>
                    <Semaphore>Semaphore_ETH_TriggerSourceITR1$IpInstance</Semaphore>
                    <Semaphore>Semaphore_SourceSTI$IpInstance</Semaphore>
                    <SignalLogicalOp Name="AND">
                        <Signal Name="VS_ClockSourceIS"/>
                    </SignalLogicalOp>
                </Mode>
                <Mode Name="SubModeInput_IS1" UserName="IS1 (TMR3)" UserNameCH="内部选择1 (TMR3)">
                	  <Semaphore>Semaphore_SubModeInput$IpInstance</Semaphore>
                    <Semaphore>Semaphore_SubModeInput_DMA_Enable$IpInstance</Semaphore>
                    <Semaphore>Semaphore_SubModeInput_IS1$IpInstance</Semaphore>
                    <Semaphore>Semaphore_ETH_TriggerSourceITR1$IpInstance</Semaphore>
                    <Semaphore>Semaphore_SourceSTI$IpInstance</Semaphore>
                    <SignalLogicalOp Name="AND">
                        <Signal Name="VS_ClockSourceIS"/>
                    </SignalLogicalOp>
                </Mode>
                <Mode Name="SubModeInput_IS2" UserName="IS2 (TMR10_C1OUT)" UserNameCH="内部选择2 (TMR10_C1OUT)">
                	  <Semaphore>Semaphore_SubModeInput$IpInstance</Semaphore>
                    <Semaphore>Semaphore_SubModeInput_DMA_Enable$IpInstance</Semaphore>
                    <Semaphore>Semaphore_SubModeInput_IS2$IpInstance</Semaphore>
                    <Semaphore>Semaphore_SourceSTI$IpInstance</Semaphore>
                    <SignalLogicalOp Name="AND">
                        <Signal Name="VS_ClockSourceIS"/>
                    </SignalLogicalOp>
                </Mode>
                <Mode Name="SubModeInput_IS3" UserName="IS3 (TMR11_C1OUT)" UserNameCH="内部选择3 (TMR11_C1OUT)">                	
                	  <Semaphore>Semaphore_SubModeInput$IpInstance</Semaphore>
                    <Semaphore>Semaphore_SubModeInput_DMA_Enable$IpInstance</Semaphore>
                    <Semaphore>Semaphore_SubModeInput_IS3$IpInstance</Semaphore>
                    <Semaphore>Semaphore_SourceSTI$IpInstance</Semaphore>
                    <SignalLogicalOp Name="AND">
                        <Signal Name="VS_ClockSourceIS"/>
                    </SignalLogicalOp>
                </Mode>
                <Mode Name="SubModeInput_C1INC" UserName="C1INC" UserNameCH="C1IRAW的输入检测器(C1INC)">
                   <Condition Expression="!Semaphore_SOM_Hang$IpInstance&amp; !Semaphore_output_Channel1$IpInstance" 
                   	                 Diagnostic="This option is not available if&lt;br&gt;(1) Channel 1 is already set as output mode &lt;br&gt;(2) The &quot;Subordinate mode&quot; controller is in &quot;Hang mode&quot;"
                   	                 DiagnosticCH="此选项以下情况无效：&lt;br&gt;(1) 通道1设置为输出模式&lt;br&gt;(2) &quot;次定时器模式&quot;设置为&quot;挂起模式&quot;"/>
                	 <Semaphore>Semaphore_SubModeInput$IpInstance</Semaphore>
                   <Semaphore>Semaphore_SubModeInput_DMA_Enable$IpInstance</Semaphore>
                   <Semaphore>Semaphore_SubModeInput_C1INC$IpInstance</Semaphore>
                   <Semaphore>Semaphore_SubModeInputOn_CH1$IpInstance</Semaphore>
                   <Semaphore>Semaphore_SourceSTI$IpInstance</Semaphore>
                   <Semaphore>Semaphore_CH1pinUsed$IpInstance</Semaphore>
                   <Semaphore>Semaphore_CH1_Input_IO$IpInstance</Semaphore>
                    <SignalLogicalOp Name="AND">
                        <Signal Name="CH1" Direction="Input" IOMode="Input"/>
                    </SignalLogicalOp>
                </Mode>
                <Mode Name="SubModeInput_C1DF1" UserName="C1IFP1" UserNameCH="滤波输入1">
                    <Condition Expression="Semaphore_SubordinateMode$IpInstance&amp;!Semaphore_output_Channel1$IpInstance" 
                    	                   Diagnostic="An active &quot;Subordinate mode&quot; should be selected first . This option might become unavailable if &lt;br&gt;(1) Channel 1 is already set as output mode"
                    	                   DiagnosticCH="需选择一项&quot;次定时器模式&quot; . 此选项以下情况无效：&lt;br&gt;(1) 通道1设置了输出模式"/>
                	  <Semaphore>Semaphore_SubModeInput$IpInstance</Semaphore>
                    <Semaphore>Semaphore_SubModeInput_DMA_Enable$IpInstance</Semaphore>
                    <Semaphore>Semaphore_SubModeInput_C1DF1$IpInstance</Semaphore>
                    <Semaphore>Semaphore_SubModeInputOn_CH1$IpInstance</Semaphore>
                    <Semaphore>Semaphore_CH1pinUsed$IpInstance</Semaphore>
                    <Semaphore>Semaphore_CH1_Input_IO$IpInstance</Semaphore>
                    <SignalLogicalOp Name="AND">
                        <Signal Name="CH1" Direction="Input" IOMode="Input"/>
                    </SignalLogicalOp>
                </Mode>
                <Mode Name="SubModeInput_C2DF2" UserName="C2IFP2" UserNameCH="滤波输入2">
                    <Condition Expression="Semaphore_SubordinateMode$IpInstance&amp;!Semaphore_output_Channel2$IpInstance" 
                    	                   Diagnostic="An active &quot;Subordinate mode&quot; should be selected first . This option might become unavailable if &lt;br&gt;(1) Channel 2 is already set as output mode"
                    	                   DiagnosticCH="需选择一项&quot;次定时器模式&quot; . 此选项以下情况无效：&lt;br&gt;(1) 通道2设置了输出模式"/>
                	  <Semaphore>Semaphore_SubModeInput$IpInstance</Semaphore>
                    <Semaphore>Semaphore_SubModeInput_DMA_Enable$IpInstance</Semaphore>
                    <Semaphore>Semaphore_SubModeInput_C2DF2$IpInstance</Semaphore>
                    <Semaphore>Semaphore_SubModeInputOn_CH2$IpInstance</Semaphore>
                    <Semaphore>Semaphore_CH2_Input_IO$IpInstance</Semaphore>
                    <SignalLogicalOp Name="AND">
                        <Signal Name="CH2" Direction="Input" IOMode="Input"/>
                    </SignalLogicalOp>
                </Mode>
            </ModeLogicOperator>
        </Mode>
        
        <Mode Name="Enable One cycle mode" UserName="Enable One cycle mode" UserNameCH="开启单周期模式">
           <Condition Expression="Semaphore_Activated$IpInstance"
        	  	                   Diagnostic="Need to select &quot;Activated&quot;" 
        	  	                   DiagnosticCH="需要选择 &quot;启用&quot;"/>
           <ModeLogicOperator Name="OR">
                <Mode Name="Enable One cycle mode" UserName="Enable One cycle mode" UserNameCH="开启单周期模式">
                    <Semaphore>Semaphore_Enable_OCM$IpInstance</Semaphore>
                    <SignalLogicalOp Name="AND">
                        <Signal Name="VS_OCM"/>
                    </SignalLogicalOp>
                </Mode>
           </ModeLogicOperator>
         </Mode>     
	
    </ModeLogicOperator>

    <!-- RefSignal for TMR -->
    <RefSignal IOMode="MuxOutputPushPullOpenDrain" Name="CH1"/>
    <RefSignal IOMode="MuxOutputPushPullOpenDrain" Name="CH2"/>

   <RefSignal IOMode="Analog" Name="VS_Activated" Virtual="true"/>
    <RefSignal IOMode="Analog" Name="VS_indirect_ch1" Virtual="true"/>
    <RefSignal IOMode="Analog" Name="VS_CH1" Virtual="true"/>
    <RefSignal IOMode="Analog" Name="VS_no_output1" Virtual="true"/>
    <RefSignal IOMode="Analog" Name="VS_indirect_ch2" Virtual="true"/>
    <RefSignal IOMode="Analog" Name="VS_CH2" Virtual="true"/>
    <RefSignal IOMode="Analog" Name="VS_no_output2" Virtual="true"/>
    <RefSignal IOMode="Analog" Name="VS_ControllerModeReset" Virtual="true"/>
    <RefSignal IOMode="Analog" Name="VS_ControllerModeHang" Virtual="true"/>
    <RefSignal IOMode="Analog" Name="VS_ControllerModeTrigger" Virtual="true"/>
    <RefSignal IOMode="Analog" Name="VS_ControllerModeClock" Virtual="true"/>
    <RefSignal IOMode="Analog" Name="VS_ClockSourceIS" Virtual="true"/>
    <RefSignal IOMode="Analog" Name="VS_OCM" Virtual="true"/>                       
</IP>
