<?xml version="1.0" encoding="UTF-8" standalone="no"?>
<IP>
	<About>Universal synchronous/asynchronous receiver/transmitter</About>
	<AboutCH>通用同步异步收发器</AboutCH>
	
    <!-- Generic RefParameters for USART/UART/IrDA/SmartCard Modes -->
    <RefParameter Comment="Instance" DefaultValue="USART$Index" Name="Instance" Type="" Visible="false"/>
	
    <!-- Virtual Mode Parameter, to define RefParameter in function of RefMode -->
    <RefParameter Comment="" DefaultValue="VM_ASYNC" Group="Basic Parameters" GroupCH="基础参数" Name="VirtualMode" Type="list" Visible="false">
        <PossibleValue Comment="" Value="VM_ASYNC"/>
        <PossibleValue Comment="" Value="VM_ASYNC_R"/>
        <PossibleValue Comment="" Value="VM_ASYNC_T"/>
        <PossibleValue Comment="" Value="VM_SYNC"/>
        <PossibleValue Comment="" Value="VM_HALFDUPLEX"/>
        <PossibleValue Comment="" Value="VM_RECEIVERMUTE"/>        
        <PossibleValue Comment="" Value="VM_IRDA"/>
        <PossibleValue Comment="" Value="VM_LIN"/>
        <PossibleValue Comment="" Value="VM_SMARTCARD"/>
        <PossibleValue Comment="" Value="VM_SMARTCARD_CLOCK"/>
    </RefParameter>

    <RefParameter Comment="Clock Source" CommentCH="时钟源" DefaultValue="APB2" Group="Basic Parameters" GroupCH="基础参数" Name="CLOCK_SOURCE" Type="list" Visible="false">
        <Condition Diagnostic="" Expression="Instance = USART1"/>
        <PossibleValue Comment="APB2" CommentCH="APB2" Value="APB2"/>
    </RefParameter>
    
    <RefParameter Comment="Clock Source" CommentCH="时钟源" DefaultValue="APB1" Group="Basic Parameters" GroupCH="基础参数" Name="CLOCK_SOURCE" Type="list" Visible="false">
        <Condition Diagnostic="" Expression="Instance = USART2"/>
        <PossibleValue Comment="APB1" CommentCH="APB1" Value="APB1"/>
    </RefParameter>
    
	
    <RefParameter Comment="Baud Rate" CommentCH="波特率" DefaultValue="115200" Group="Basic Parameters" GroupCH="基础参数" Max="CLOCK_SOURCE/16" Min="CLOCK_SOURCE/65535" Name="BaudRate" Type="integer" Unit="Bits/s"/>
    <RefParameter Comment="Real Baud Rate" CommentCH="实际波特率" DefaultValue="" Max="" Min="" Name="RealBaudRate" Group="Basic Parameters" GroupCH="基础参数" Type="string" Unit="Bits/s"/>

    <RefParameter Comment="Data bit num" CommentCH="数据位个数" DefaultValue="USART_DATA_8BITS" Group="Basic Parameters" GroupCH="基础参数" Name="Databitnum" Type="list">
        <Condition Diagnostic="" Expression="VirtualMode = VM_SYNC"/>
        <PossibleValue Comment="8 Bits (including Parity)" CommentCH="8位(包含奇偶校验位)" Value="USART_DATA_8BITS"/>
        <PossibleValue Comment="9 Bits (including Parity)" CommentCH="9位(包含奇偶校验位)" Value="USART_DATA_9BITS"/>
    </RefParameter>
    <RefParameter Comment="Data bit num" CommentCH="数据位个数" DefaultValue="USART_DATA_8BITS" Group="Basic Parameters" GroupCH="基础参数" Name="Databitnum" Type="list">
        <Condition Diagnostic="" Expression="VirtualMode = VM_IRDA"/>
        <PossibleValue Comment="8 Bits (including Parity)" CommentCH="8位(包含奇偶校验位)" Value="USART_DATA_8BITS"/>
        <PossibleValue Comment="9 Bits (including Parity)" CommentCH="9位(包含奇偶校验位)" Value="USART_DATA_9BITS"/>
    </RefParameter>
    <RefParameter Comment="Data bit num" CommentCH="数据位个数" DefaultValue="USART_DATA_9BITS" Group="Basic Parameters" GroupCH="基础参数" Name="Databitnum" Type="list">
        <Condition Diagnostic="" Expression="VirtualMode = VM_SMARTCARD"/>
        <PossibleValue Comment="9 Bits (including Parity)" CommentCH="9位(包含奇偶校验位)" Value="USART_DATA_9BITS"/>
    </RefParameter>
    <RefParameter Comment="Data bit num" CommentCH="数据位个数" DefaultValue="USART_DATA_8BITS" Group="Basic Parameters" GroupCH="基础参数" Name="Databitnum" Type="list">
        <Condition Diagnostic="" Expression="$IpInstance_LIN"/>
        <PossibleValue Comment="8 Bits (including Parity)" CommentCH="8位(包含奇偶校验位)" Value="USART_DATA_8BITS"/>
    </RefParameter>
    <RefParameter Comment="Data bit num" CommentCH="数据位个数" DefaultValue="USART_DATA_8BITS" Group="Basic Parameters" GroupCH="基础参数" Name="Databitnum" Type="list">
        <PossibleValue Comment="8 Bits (including Parity)" CommentCH="8位(包含奇偶校验位)" Value="USART_DATA_8BITS"/>
        <PossibleValue Comment="9 Bits (including Parity)" CommentCH="9位(包含奇偶校验位)" Value="USART_DATA_9BITS"/>
    </RefParameter>
	
    <!-- Stop Bits Parameters for Synchronous, SmartCard and Others (based on Asyncronous). N.B. IrDa do not have Stop Bits -->
    <RefParameter Comment="STOP bit num" CommentCH="停止位个数" DefaultValue="USART_STOP_1_BIT" Group="Basic Parameters" GroupCH="基础参数" Name="STOPbitnum" Type="list" Visible="false">
        <Condition Diagnostic="" Expression="VirtualMode = VM_SYNC"/>
        <PossibleValue Comment="1" CommentCH="1" Value="USART_STOP_1_BIT"/>
    </RefParameter>
    <RefParameter Comment="STOP bit num" CommentCH="停止位个数" DefaultValue="USART_STOP_1_BIT" Group="Basic Parameters" GroupCH="基础参数" Name="STOPbitnum" Type="list">
        <Condition Diagnostic="" Expression="VirtualMode = VM_IRDA"/>
        <PossibleValue Comment="1" CommentCH="1" Value="USART_STOP_1_BIT"/>
    </RefParameter>
    <RefParameter Comment="STOP bit num" CommentCH="停止位个数" DefaultValue="USART_STOP_1_5_BIT" Group="Basic Parameters" GroupCH="基础参数" Name="STOPbitnum" Type="list">
        <Condition Diagnostic="" Expression="VirtualMode = VM_SMARTCARD | VirtualMode = VM_SMARTCARD_CLOCK"/>
        <PossibleValue Comment="0.5" CommentCH="0.5" Value="USART_STOP_0_5_BIT"/>
        <PossibleValue Comment="1.5" CommentCH="1.5" Value="USART_STOP_1_5_BIT"/>
    </RefParameter>
    <RefParameter Comment="STOP bit num" CommentCH="停止位个数" DefaultValue="USART_STOP_1_BIT" Group="Basic Parameters" GroupCH="基础参数" Name="STOPbitnum" Type="list">
        <PossibleValue Comment="1" CommentCH="1" Value="USART_STOP_1_BIT"/>
        <PossibleValue Comment="2" CommentCH="2" Value="USART_STOP_2_BIT"/>
    </RefParameter>

 
    <!-- Parity Parameters for Synchronous, IrDa, SmartCard and Others (based on Asynchronous). -->
    <RefParameter Comment="Parity selection" CommentCH="选择奇偶校验" DefaultValue="USART_PARITY_EVEN" Group="Basic Parameters" GroupCH="基础参数" Name="Parityselection" Type="list">
        <Condition Diagnostic="" Expression="VirtualMode = VM_SMARTCARD"/>
        <PossibleValue Comment="Even" CommentCH="偶校验" Semaphore="$IpInstance_PARITY_EVEN"  Value="USART_PARITY_EVEN"/>
        <PossibleValue Comment="Odd" CommentCH="奇校验" Semaphore="$IpInstance_PARITY_ODD" Value="USART_PARITY_ODD"/>
    </RefParameter>
    <RefParameter Comment="Parity selection" CommentCH="选择奇偶校验" DefaultValue="USART_PARITY_EVEN" Group="Basic Parameters" GroupCH="基础参数" Name="Parityselection" Type="list">
        <Condition Diagnostic="" Expression="VirtualMode = VM_SMARTCARD_CLOCK"/>
        <PossibleValue Comment="Even" CommentCH="偶校验" Semaphore="$IpInstance_PARITY_EVEN"  Value="USART_PARITY_EVEN"/>
        <PossibleValue Comment="Odd" CommentCH="奇校验" Semaphore="$IpInstance_PARITY_ODD" Value="USART_PARITY_ODD"/>
    </RefParameter>
    <RefParameter Comment="Parity selection" CommentCH="选择奇偶校验" DefaultValue="USART_PARITY_NONE" Group="Basic Parameters" GroupCH="基础参数" Name="Parityselection" Type="list">
        <PossibleValue Comment="None" CommentCH="无校验" Semaphore="$IpInstance_PARITY_NONE" Value="USART_PARITY_NONE"/>
        <PossibleValue Comment="Even" CommentCH="偶校验" Semaphore="$IpInstance_PARITY_EVEN" Value="USART_PARITY_EVEN"/>
        <PossibleValue Comment="Odd" CommentCH="奇校验" Semaphore="$IpInstance_PARITY_ODD" Value="USART_PARITY_ODD"/>
    </RefParameter>

    <!-- DataDirection Parameters for Synchronous, IrDa, SmartCard and Others (based on Asynchronous). -->
    <RefParameter Comment="Data Direction" CommentCH="数据传输方向" DefaultValue="MODE_TX_RX" Group="Advanced Parameters" GroupCH="高级参数" Name="Mode" Type="list">
        <PossibleValue Comment="Receive and Transmit" CommentCH="收发双向" Value="MODE_TX_RX"/>
        <PossibleValue Comment="Receive Only" CommentCH="仅接收" Value="MODE_RX"/>
        <PossibleValue Comment="Transmit Only" CommentCH="仅发送" Value="MODE_TX"/>
    </RefParameter>
    <RefParameter Comment="Data Direction" CommentCH="数据传输方向" DefaultValue="MODE_TX_RX" Group="Advanced Parameters" GroupCH="高级参数" Name="Mode" Type="list">
    	  <Condition Diagnostic="" Expression="VirtualMode = VM_ASYNC"/>
        <PossibleValue Comment="Receive and Transmit" CommentCH="收发双向" Value="MODE_TX_RX"/>
    </RefParameter>
    <RefParameter Comment="Data Direction" CommentCH="数据传输方向" DefaultValue="MODE_RX" Group="Advanced Parameters" GroupCH="高级参数" Name="Mode" Type="list">
    	  <Condition Diagnostic="" Expression="VirtualMode = VM_ASYNC_R"/>
        <PossibleValue Comment="Receive Only" CommentCH="仅接收" Value="MODE_RX"/>
    </RefParameter>
    <RefParameter Comment="Data Direction" CommentCH="数据传输方向" DefaultValue="MODE_TX" Group="Advanced Parameters" GroupCH="高级参数" Name="Mode" Type="list">
    	  <Condition Diagnostic="" Expression="VirtualMode = VM_ASYNC_T"/>
        <PossibleValue Comment="Transmit Only" CommentCH="仅发送" Value="MODE_TX"/>
    </RefParameter>

    <!-- Specifics RefParameters for UART Mode only -->
    <RefParameter Comment="Hardware Flow Control" CommentCH="硬件流控制" DefaultValue="USART_HARDWARE_FLOW_RTS" Group="Basic Parameters" GroupCH="基础参数" Name="HwFlowCtl" Type="list" Visible="false">	
        <Condition Diagnostic="" Expression="$IpInstance_R"/>
        <PossibleValue Comment="RTS Only" CommentCH="仅RTS" Value="USART_HARDWARE_FLOW_RTS"/>
    </RefParameter>
    <RefParameter Comment="Hardware Flow Control" CommentCH="硬件流控制" DefaultValue="USART_HARDWARE_FLOW_CTS" Group="Basic Parameters" GroupCH="基础参数" Name="HwFlowCtl" Type="list" Visible="false">
        <Condition Diagnostic="" Expression="$IpInstance_T"/>
        <PossibleValue Comment="CTS Only" CommentCH="仅CTS" Value="USART_HARDWARE_FLOW_CTS"/>
    </RefParameter>
    <RefParameter Comment="Hardware Flow Control" CommentCH="硬件流控制" DefaultValue="USART_HARDWARE_FLOW_RTS_CTS" Group="Basic Parameters" GroupCH="基础参数" Name="HwFlowCtl" Type="list" Visible="false">
        <Condition Diagnostic="" Expression="$IpInstance_CTS_RTS"/>
        <PossibleValue Comment="RTS/CTS" CommentCH="同时RTS/CTS" Value="USART_HARDWARE_FLOW_RTS_CTS"/>
    </RefParameter>
    <RefParameter Comment="Hardware Flow Control" CommentCH="硬件流控制" DefaultValue="USART_HARDWARE_FLOW_NONE" Group="Basic Parameters" GroupCH="基础参数" Name="HwFlowCtl" Type="list" Visible="false">
        <PossibleValue Comment="None" CommentCH="无校验" Value="USART_HARDWARE_FLOW_NONE"/>
    </RefParameter>

	
    <!-- Specifics RefParameters for USART/SmartCard Clock Mode -->
    <RefParameter Comment="Clock enable" CommentCH="时钟使能" DefaultValue="FALSE" Group="Clock Parameters" GroupCH="时钟参数" Name="Clockenable" Type="list" Visible="false">
        <PossibleValue Comment="Disable" CommentCH="关闭" Value="FALSE"/>
        <PossibleValue Comment="Enable" CommentCH="开启" Value="TRUE"/>
    </RefParameter>
    
    <RefParameter Comment="Clock Polarity" CommentCH="时钟极性" DefaultValue="USART_CLOCK_POLARITY_LOW" Group="Clock Parameters" GroupCH="时钟参数" Name="CLKPolarity" Type="list">
        <PossibleValue Comment="Low" CommentCH="低电平" Value="USART_CLOCK_POLARITY_LOW"/>
        <PossibleValue Comment="High" CommentCH="高电平" Value="USART_CLOCK_POLARITY_HIGH"/>
    </RefParameter>
	
    <RefParameter Comment="Clock Phase" CommentCH="时钟相位" DefaultValue="USART_CLOCK_PHASE_1EDGE" Group="Clock Parameters" GroupCH="时钟参数" Name="CLKPhase" Type="list">
        <PossibleValue Comment="One Edge" CommentCH="第一个边沿进行数据捕获" Value="USART_CLOCK_PHASE_1EDGE"/>
        <PossibleValue Comment="Two Edge" CommentCH="第二个边沿进行数据捕获" Value="USART_CLOCK_PHASE_2EDGE"/>
    </RefParameter>

    <RefParameter Comment="Last bit clock pulse" CommentCH="最后一位时钟脉冲" DefaultValue="USART_CLOCK_LAST_BIT_NONE" Group="Clock Parameters" GroupCH="时钟参数" Name="Lastbitclockpulse" Type="list">
        <PossibleValue Comment="None" CommentCH="无输出" Value="USART_CLOCK_LAST_BIT_NONE"/>
        <PossibleValue Comment="Output" CommentCH="输出" Value="USART_CLOCK_LAST_BIT_OUTPUT"/>
    </RefParameter>
		
		
    <!-- Specifics RefParameters for IrDa Mode -->
    <RefParameter Comment="IrDA low-power mode" CommentCH="红外低功耗模式" DefaultValue="FALSE" Group="Advanced Parameters" GroupCH="高级参数" Name="IrDAlowpowermode" Type="list">
        <PossibleValue Comment="Disable" CommentCH="关闭" Value="FALSE"/>
        <PossibleValue Comment="Enable" CommentCH="开启" Value="TRUE"/>
    </RefParameter>
		
    <!-- Prescaler Parameters for IrDa/SmartCard Clock Mode -->
    <RefParameter Comment="IrDA division" CommentCH="红外分频" DefaultValue="1" Group="Advanced Parameters" GroupCH="高级参数" Max="255" Min="1" Name="IrDAdivision" Type="integer">
    	        <Condition Diagnostic="" Expression="IrDAlowpowermode = TRUE"/>
    </RefParameter>
    
    <RefParameter Comment="IrDA division" CommentCH="红外分频" DefaultValue="1" Group="Advanced Parameters" GroupCH="高级参数" Max="1" Min="1" Name="IrDAdivision" Type="integer"/>
    
    <RefParameter Comment="Smartcard division" CommentCH="智能卡分频" DefaultValue="1" Group="Advanced Parameters" GroupCH="高级参数" Max="31" Min="1" Name="Smartcarddivision" Type="integer"/>

	

    <!-- Specifics RefParameters for SmartCard Mode Only -->
    <RefParameter Comment="Smart card NACK enable" CommentCH="智能卡NACK使能" DefaultValue="FALSE" Group="Advanced Parameters" GroupCH="高级参数" Name="SmartcardNACKenable" Type="list">
        <PossibleValue Comment="Disable" CommentCH="关闭" Value="FALSE"/>
        <PossibleValue Comment="Enable" CommentCH="开启" Value="TRUE"/>
    </RefParameter>
	
    <RefParameter Comment="Smart card guard time" CommentCH="智能卡保护时间" DefaultValue="0" Group="Advanced Parameters" GroupCH="高级参数" Max="255" Min="0" Name="Smartcardguardtime" Type="integer"/>
	
    <!-- Specifics RefParameters for MultiProcessor Only. WakeUp Method -->
    <RefParameter Comment="Wake up mode" CommentCH="唤醒方式" DefaultValue="USART_WAKEUP_BY_IDLE_FRAME" Group="Advanced Parameters" GroupCH="高级参数" Name="Wakeupmode" Type="list">
        <PossibleValue Comment="Idle Frame" CommentCH="空闲帧" Value="USART_WAKEUP_BY_IDLE_FRAME"/>
        <PossibleValue Comment="USART identification" CommentCH="USART的ID号" Value="USART_WAKEUP_BY_MATCHING_ID"/>
    </RefParameter>

	
    <!-- Address for MultiProcessor --> 
    <RefParameter Comment="USART identification" CommentCH="USART的ID号" DefaultValue="0" Group="Advanced Parameters" GroupCH="高级参数" Max="15" Min="0" Name="USARTID" Type="integer">
    <Condition Diagnostic="" Expression="Wakeupmode = USART_WAKEUP_BY_MATCHING_ID"/>
    </RefParameter>
	
    <!--Specifics RefParameters for LIN. Line BreakLength -->
    <RefParameter Comment="Break frame bit num" CommentCH="间隔帧位数" DefaultValue="USART_BREAK_10BITS" Group="Advanced Parameters" GroupCH="高级参数" Name="Breakframebitnum" Type="list">
        <PossibleValue Comment="10 Bits" CommentCH="10位" Value="USART_BREAK_10BITS"/>
        <PossibleValue Comment="11 Bits" CommentCH="11位" Value="USART_BREAK_11BITS"/>
    </RefParameter>	
    
    <RefParameter Comment="TX and RX Pins Swapping" CommentCH="收发管脚交换" DefaultValue="FALSE" Group="Advanced Parameters" GroupCH="高级参数" Name="PinsSwapping" Type="list">
        <PossibleValue Comment="Disable" CommentCH="关闭" Value="FALSE"/>
        <PossibleValue Comment="Enable" CommentCH="开启" Value="TRUE"/>
    </RefParameter>
    
    <RefParameter Comment="UART Printf" CommentCH="串口打印" DefaultValue="TRUE" Group="Advanced Features" GroupCH="高级功能" Name="UART_Printf" Type="list" Visible="false">
        <Condition Diagnostic="" Expression="Printf_$IpInstance_SYSTEM"/>
        <PossibleValue Comment="Enable" CommentCH="开启" Value="TRUE"/>
    </RefParameter>
      
    <!-- RefMode for Asynchronous UART -->
    <RefMode BaseMode="Mode" HalMode="UART" Name="Asynchronous">
        <Parameter Name="Instance"/>
        <Parameter Name="CLOCK_SOURCE"/>
        <Parameter Name="VirtualMode">
            <PossibleValue>VM_ASYNC</PossibleValue>
        </Parameter>
        <!-- Basic Parameters -->
        <Parameter Name="BaudRate"/>
        <Parameter Name="RealBaudRate"/>
        <Parameter Name="Databitnum"/>
        <Parameter Name="Parityselection"/>
        <Parameter Name="STOPbitnum"/>
        <Parameter Name="HwFlowCtl"/>
        <!-- Advanced Parameters -->
        <Parameter Name="Mode"/>
        <Parameter Name="PinsSwapping"/>
        <Parameter Name="UART_Printf"/>
    </RefMode>
    
    <RefMode BaseMode="Mode" HalMode="UART" Name="Asynchronous_ReceiveOnly">
        <Parameter Name="Instance"/>
        <Parameter Name="CLOCK_SOURCE"/>
        <Parameter Name="VirtualMode">
            <PossibleValue>VM_ASYNC_R</PossibleValue>
        </Parameter>
        <!-- Basic Parameters -->
        <Parameter Name="BaudRate"/>
        <Parameter Name="RealBaudRate"/>
        <Parameter Name="Databitnum"/>
        <Parameter Name="Parityselection"/>
        <Parameter Name="STOPbitnum"/>
        <Parameter Name="HwFlowCtl"/>
        <!-- Advanced Parameters -->
        <Parameter Name="Mode"/>
        <Parameter Name="PinsSwapping"/>
    </RefMode>
    
     <RefMode BaseMode="Mode" HalMode="UART" Name="Asynchronous_TransmitOnly">
        <Parameter Name="Instance"/>
        <Parameter Name="CLOCK_SOURCE"/>
        <Parameter Name="VirtualMode">
            <PossibleValue>VM_ASYNC_T</PossibleValue>
        </Parameter>
        <!-- Basic Parameters -->
        <Parameter Name="BaudRate"/>
        <Parameter Name="RealBaudRate"/>
        <Parameter Name="Databitnum"/>
        <Parameter Name="Parityselection"/>
        <Parameter Name="STOPbitnum"/>
        <Parameter Name="HwFlowCtl"/>
        <!-- Advanced Parameters -->
        <Parameter Name="Mode"/>
        <Parameter Name="PinsSwapping"/>
        <Parameter Name="UART_Printf"/>
    </RefMode>
	
    <!-- RefMode for 'Synchronous' USART -->
    <RefMode BaseMode="Mode" HalMode="USART" Name="Synchronous">
        <Parameter Name="Instance"/>
        <Parameter Name="CLOCK_SOURCE"/>
        <Parameter Name="VirtualMode">
            <PossibleValue>VM_SYNC</PossibleValue>
        </Parameter>
        <!-- Basic Parameters -->
        <Parameter Name="BaudRate"/>
        <Parameter Name="RealBaudRate"/>
        <Parameter Name="Databitnum"/>
        <Parameter Name="Parityselection"/>
        <Parameter Name="STOPbitnum"/>
        <!-- Advanced Parameters -->
        <Parameter Name="Mode"/>
        <Parameter Name="PinsSwapping"/>
        <!-- Clock Parameters -->
        <Parameter Name="Clockenable">
            <PossibleValue>TRUE</PossibleValue>
        </Parameter>
        <Parameter Name="CLKPolarity"/>
        <Parameter Name="CLKPhase"/>
        <Parameter Name="Lastbitclockpulse"/>
    </RefMode>
	
    <!-- RefMode for 'Single Wire' UART -->
    <RefMode BaseMode="Mode" HalMode="UART" Name="Single_line_bidirectional_halfduplex">
        <Parameter Name="Instance"/>
        <Parameter Name="CLOCK_SOURCE"/>
        <Parameter Name="VirtualMode">
            <PossibleValue>VM_HALFDUPLEX</PossibleValue>
        </Parameter>
        <!-- Basic Parameters -->
        <Parameter Name="BaudRate"/>
        <Parameter Name="RealBaudRate"/>
        <Parameter Name="Databitnum"/>
        <Parameter Name="Parityselection"/>
        <Parameter Name="STOPbitnum"/>
        <!--  Advanced Parameters -->
        <Parameter Name="Mode"/>
        <Parameter Name="PinsSwapping"/>
    </RefMode>
		
    <!-- RefMode for 'MultiProcessor Communication' UART -->
    <RefMode BaseMode="Mode" HalMode="UART" Name="Receiver_mute">
        <Parameter Name="Instance"/>
        <Parameter Name="CLOCK_SOURCE"/>
        <Parameter Name="VirtualMode">
            <PossibleValue>VM_RECEIVERMUTE</PossibleValue>
        </Parameter>
        <!-- Basic Parameters -->
        <Parameter Name="BaudRate"/>
        <Parameter Name="RealBaudRate"/>
        <Parameter Name="Databitnum"/>
        <Parameter Name="Parityselection"/>
        <Parameter Name="STOPbitnum"/>
        <!--  Advanced Parameters -->
        <Parameter Name="Mode"/>
        <Parameter Name="PinsSwapping"/>
        <Parameter Name="Wakeupmode"/>
        <Parameter Name="USARTID"/>
    </RefMode>
	
    <!-- RefModes for IRDA -->
    <RefMode BaseMode="Mode" HalMode="IRDA" Name="IrDA">
        <Parameter Name="Instance"/>
        <Parameter Name="CLOCK_SOURCE"/>
        <Parameter Name="VirtualMode">
            <PossibleValue>VM_IRDA</PossibleValue>
        </Parameter>
        <!-- Basic Parameters -->
        <Parameter Name="BaudRate"/>
        <Parameter Name="RealBaudRate"/>
        <Parameter Name="Databitnum"/>
        <Parameter Name="Parityselection"/>
        <Parameter Name="STOPbitnum"/>
        <!-- Advanced Parameters -->
        <Parameter Name="Mode"/>
        <Parameter Name="PinsSwapping"/>
        <Parameter Name="IrDAlowpowermode"/>
        <Parameter Name="IrDAdivision"/>
    </RefMode>
	
    <!-- RefModes for LIN -->
    <RefMode BaseMode="Mode" HalMode="UART" Name="LIN">
        <Parameter Name="Instance"/>
        <Parameter Name="CLOCK_SOURCE"/>
        <Parameter Name="VirtualMode">
            <PossibleValue>VM_LIN</PossibleValue>
        </Parameter>
        <!-- Basic Parameters -->
        <Parameter Name="BaudRate"/>
        <Parameter Name="RealBaudRate"/>
        <Parameter Name="Databitnum"/>
        <Parameter Name="Parityselection"/>
        <Parameter Name="STOPbitnum"/>
        <!--  Advanced Parameters -->
        <Parameter Name="Mode"/>
        <Parameter Name="PinsSwapping"/>
        <Parameter Name="Breakframebitnum"/>
    </RefMode>
	
    <!-- RefModes for SmartCard -->
    <RefMode BaseMode="Mode" HalMode="SMARTCARD" Name="SmartCard">
        <Parameter Name="Instance"/>
        <Parameter Name="CLOCK_SOURCE"/>
        <Parameter Name="VirtualMode">
            <PossibleValue>VM_SMARTCARD</PossibleValue>
        </Parameter>
        <!-- Basic Parameters -->
        <Parameter Name="BaudRate"/>
        <Parameter Name="RealBaudRate"/>
        <Parameter Name="Databitnum"/>
        <Parameter Name="Parityselection"/>
        <Parameter Name="STOPbitnum"/>
        <!-- Advanced Parameters -->
        <Parameter Name="Mode"/>
        <Parameter Name="PinsSwapping"/>
        <Parameter Name="SmartcardNACKenable"/>
        <Parameter Name="Smartcardguardtime"/>
        <!-- Clock Parameters -->
    </RefMode>
	
    <!-- RefModes for SmartCard with Clock -->
    <RefMode BaseMode="Mode" HalMode="SMARTCARD" Name="SmartCard_With_Clock">
        <Parameter Name="Instance"/>
        <Parameter Name="CLOCK_SOURCE"/>
        <Parameter Name="VirtualMode">
            <PossibleValue>VM_SMARTCARD_CLOCK</PossibleValue>
        </Parameter>
        <!-- Basic Parameters -->
        <Parameter Name="BaudRate"/>
        <Parameter Name="RealBaudRate"/>
        <Parameter Name="Databitnum"/>
        <Parameter Name="Parityselection"/>
        <Parameter Name="STOPbitnum"/>
        <!-- Advanced Parameters -->
        <Parameter Name="Mode"/>
        <Parameter Name="PinsSwapping"/>
        <Parameter Name="SmartcardNACKenable"/>
        <Parameter Name="Smartcardguardtime"/>
        <!-- Clock Parameters -->
        <Parameter Name="Smartcarddivision"/>
        <Parameter Name="Clockenable">
            <PossibleValue>TRUE</PossibleValue>
        </Parameter>
    </RefMode>
		
    <!-- RefModes for Harwdware Flow Control -->
    <RefMode BaseMode="Hardware Flow Control (RS232)" Name="CTS_Only"/>
	
    <RefMode BaseMode="Hardware Flow Control (RS232)" Name="RTS_Only"/>
	
    <RefMode BaseMode="Hardware Flow Control (RS232)" Name="CTS_RTS"/>
                        
    <!-- Modes Description for USART/UART/IRDA/SmartCard -->
    <ModeLogicOperator Name="OR">
        <Mode Name="Mode" UserName="Mode" UserNameCH="模式">
            <ModeLogicOperator Name="XOR">
                <Mode Name="Asynchronous" UserName="Asynchronous" UserNameCH="异步模式">
                    <SignalLogicalOp Name="AND">
                        <Signal Name="RX"/>
                        <Signal IOMode="MuxOutputPushPull" Name="TX"/>
                    </SignalLogicalOp>
                    <Semaphore>$IpInstance_Asynchronous</Semaphore>
                    <Semaphore>$IpInstance_Asynchronous_TX</Semaphore>
                    <Semaphore>Asynchronous</Semaphore>
                    <Semaphore>Semaphore_Activated$IpInstance</Semaphore>
                    <Semaphore>S_$IpInstance_TX</Semaphore>
                    <Semaphore>S_$IpInstance_RX</Semaphore>
                </Mode>
                <Mode Name="Asynchronous_ReceiveOnly" UserName="Asynchronous Receive Only" UserNameCH="异步只收模式">
                    <SignalLogicalOp Name="AND">
                        <Signal Name="RX"/>
                    </SignalLogicalOp>
                    <Semaphore>$IpInstance_Asynchronous</Semaphore>
                    <Semaphore>Asynchronous</Semaphore>
                    <Semaphore>Semaphore_Activated$IpInstance</Semaphore>
                    <Semaphore>S_$IpInstance_RX</Semaphore>
                </Mode>
                <Mode Name="Asynchronous_TransmitOnly" UserName="Asynchronous Transmit Only" UserNameCH="异步只发模式">
                    <SignalLogicalOp Name="AND">
                        <Signal IOMode="MuxOutputPushPull" Name="TX"/>
                    </SignalLogicalOp>
                    <Semaphore>$IpInstance_Asynchronous</Semaphore>
                    <Semaphore>$IpInstance_Asynchronous_TX</Semaphore>
                    <Semaphore>Asynchronous</Semaphore>
                    <Semaphore>Semaphore_Activated$IpInstance</Semaphore>
                    <Semaphore>S_$IpInstance_TX</Semaphore>
                </Mode>
                <Mode Name="Synchronous" UserName="Synchronous" UserNameCH="同步模式">
                    <SignalLogicalOp Name="AND">
                        <Signal Name="CK"/>
                        <Signal Name="RX"/>
                        <Signal Name="TX"/>
                    </SignalLogicalOp>
                    <Semaphore>Semaphore_Activated$IpInstance</Semaphore>
                    <Semaphore>S_$IpInstance_TX</Semaphore>
                    <Semaphore>S_$IpInstance_RX</Semaphore>
                </Mode>
                <Mode Name="Single_line_bidirectional_halfduplex" UserName="Single line bidirectional half duplex" UserNameCH="单线双向半双工模式">
                    <SignalLogicalOp Name="AND">
                        <Signal IOMode="MuxOutputOpenDrain" Name="TX"/>
                    </SignalLogicalOp>
                    <Semaphore>Semaphore_Activated$IpInstance</Semaphore>
                    <Semaphore>S_$IpInstance_TX</Semaphore>
                    <Semaphore>S_$IpInstance_RX</Semaphore>
                </Mode>
                <Mode Name="Receiver_mute" UserName="Receiver mute" UserNameCH="接收静默模式">
                    <SignalLogicalOp Name="AND">
                        <Signal Name="RX"/>
                        <Signal Name="TX"/>
                    </SignalLogicalOp>
                    <Semaphore>Semaphore_Activated$IpInstance</Semaphore>
                    <Semaphore>S_$IpInstance_TX</Semaphore>
                    <Semaphore>S_$IpInstance_RX</Semaphore>
                </Mode>
                <Mode Name="IrDA" UserName="IrDA" UserNameCH="IrDA(串行红外)">
                    <SignalLogicalOp Name="AND">
                        <Signal Name="RX"/>
                        <Signal Name="TX"/>
                    </SignalLogicalOp>
                    <Semaphore>Semaphore_Activated$IpInstance</Semaphore>
                    <Semaphore>S_$IpInstance_TX</Semaphore>
                    <Semaphore>S_$IpInstance_RX</Semaphore>
                </Mode>
                <Mode Name="LIN" UserName="LIN" UserNameCH="LIN(局域互联网)">
                    <SignalLogicalOp Name="AND">
                        <Signal Name="RX"/>
                        <Signal Name="TX"/>
                    </SignalLogicalOp>
                    <Semaphore>$IpInstance_LIN</Semaphore>
                    <Semaphore>Semaphore_Activated$IpInstance</Semaphore>
                    <Semaphore>S_$IpInstance_TX</Semaphore>
                    <Semaphore>S_$IpInstance_RX</Semaphore>
                </Mode>
                <Mode Name="SmartCard" UserName="SmartCard" UserNameCH="智能卡">
                    <SignalLogicalOp Name="AND">
                        <Signal IOMode="MuxOutputOpenDrain" Name="TX"/>
                    </SignalLogicalOp>
                    <Semaphore>Semaphore_Activated$IpInstance</Semaphore>
                    <Semaphore>S_$IpInstance_TX</Semaphore>
                    <Semaphore>S_$IpInstance_RX</Semaphore>
                </Mode>
                <Mode Name="SmartCard_With_Clock" UserName="SmartCard with Card Clock" UserNameCH="智能卡模式带卡时钟输出">
                    <SignalLogicalOp Name="AND">
                        <Signal IOMode="MuxOutputOpenDrain" Name="TX"/>
                        <Signal Name="CK"/>
                    </SignalLogicalOp>
                    <Semaphore>Semaphore_Activated$IpInstance</Semaphore>
                    <Semaphore>S_$IpInstance_TX</Semaphore>
                    <Semaphore>S_$IpInstance_RX</Semaphore>
                </Mode>
            </ModeLogicOperator>
        </Mode>
		
        <Mode Name="Hardware Flow Control" UserName="Hardware Flow Control" UserNameCH="硬件流控制">
            <ModeLogicOperator Name="XOR">
                <Mode Name="CTS_Only" UserName="CTS Only" UserNameCH="仅CTS">
                    <SignalLogicalOp Name="AND">
                        <Signal Name="CTS"/>
                    </SignalLogicalOp>
                    <Semaphore>$IpInstance_T</Semaphore>
                </Mode>
                <Mode Name="RTS_Only" UserName="RTS Only" UserNameCH="仅RTS">
                    <SignalLogicalOp Name="AND">
                        <Signal Name="RTS"/>
                    </SignalLogicalOp>
                    <Semaphore>$IpInstance_R</Semaphore>
                </Mode>
                <Mode Name="CTS_RTS" UserName="CTS/RTS" UserNameCH="同时CTS/RTS">
                    <SignalLogicalOp Name="AND">
                        <Signal Name="CTS"/>
                        <Signal Name="RTS"/>
                    </SignalLogicalOp>
                    <Semaphore>$IpInstance_CTS_RTS</Semaphore>
                </Mode>
            </ModeLogicOperator>
            <Condition Expression="$IpInstance_Asynchronous" Diagnostic="Active only with Asynchronous Mode" DiagnosticCH="异步模式时有效"/>
        </Mode>
        <!--
        <Mode Name = "SmartCard Clock">
                <ModeLogicOperator Name="OR">
                        <Mode Name="SmartCard_Clock" UserName="Clock for SmartCard" UserNameCH="智能卡时钟">
                                <SignalLogicalOp Name="AND">
                                        <Signal Name="CK"/>
                                </SignalLogicalOp>
                        </Mode>
                </ModeLogicOperator>
                <Condition Expression="$IpInstance_SmartCard" Diagnostic="Active only with SmartCard Mode"/>
        </Mode>
        -->
    </ModeLogicOperator>
	
    <!-- RefSignal for USART/UART/IRDA/SmartCard -->
    <RefSignal IOMode="MuxOutputPushPull" Name="CK"/>
    <RefSignal IOMode="MuxOutputPushPull" Name="CTS"/>
    <RefSignal IOMode="MuxOutputPushPull" Name="RTS"/>
    <RefSignal IOMode="MuxOutputPushPull" Name="RX"/>
    <RefSignal IOMode="MuxOutputPushPull" Name="TX"/>                       
</IP>
