<?xml version="1.0" encoding="UTF-8"?>
<Configuration>
  <FileVersion>1.00.00</FileVersion>
  <entry term="MCUBaseInfo">
  	<Member MCUName="AT32F405KCU7-4"/>
  	<Member SRAM="0x19800"/>
  	<Member PID="0x70053248"/>
		<Member PinNums="32"/>
		<Member xPinNum="8"/>
		<Member yPinNum="8"/>
		<Member Package="QFN"/>
  	</entry>
  <entry term="PeripheralsList">
  	<Member InstanceName="ACC"                              Name="ACC"                 GroupName="ACC"             Version="v1_0_0_WK"     About ="HICK auto clock calibration" AboutCH = "HICK 自动时钟校准器"/>
	<Member InstanceName="ADC1"                             Name="ADC"                 GroupName="ADC"             Version="v1_0_0_WK"     About ="Analog-to-digital converter" AboutCH = "模拟/数字转换"/>	  	
  	<Member InstanceName="CAN1"                             Name="CAN"                 GroupName="CAN"             Version="v1_0_0_WK"     About ="Controller Area Network 1" AboutCH = "CAN 总线控制器1"/>
  	<Member InstanceName="CRC"                              Name="CRC"                 GroupName="CRC"             Version="v1_0_0_WK"     About ="CRC calculation unit" AboutCH = "CRC 计算单元"/>
	<Member InstanceName="CRM"                              Name="CRM"                 GroupName="CRM"             Version="v1_0_0_WK"     About ="Clock and reset manage" AboutCH = "时钟和复位管理"/>
	<Member InstanceName="DEBUG"                            Name="DEBUG"               GroupName="DEBUG"           Version="v1_0_0_WK"     About ="Debug interface" AboutCH = "调试接口"/>
	<Member InstanceName="DMA"                              Name="DMA"                 GroupName="DMA"             Version="v1_0_0_WK"     About ="Direct memory access controller" AboutCH = "直接存储器访问控制器"/>
	<Member InstanceName="ERTC"                             Name="ERTC"                GroupName="ERTC"            Version="v1_0_0_WK"     About ="Real-Time Clock" AboutCH = "实时时钟"/>
	<Member InstanceName="EXINT"                            Name="EXINT"               GroupName="EXINT"           Version="v1_0_0_WK"     About ="External interrupt/Event controller" AboutCH = "外部中断/事件控制器"/>
	<Member InstanceName="GPIO"                             Name="GPIO"                GroupName="GPIO"            Version="v1_0_0_WK"     About ="General-purpose I/Os" AboutCH = "通用和复用功能I/O"/>	
	<Member InstanceName="I2C1"                             Name="I2C"                 GroupName="I2C"             Version="v1_0_0_WK"     About ="Inter integrated circuit interface 1" AboutCH = "内部集成电路接口1"/>
	<Member InstanceName="I2C2"                             Name="I2C"                 GroupName="I2C"             Version="v1_0_0_WK"     About ="Inter integrated circuit interface 2" AboutCH = "内部集成电路接口2"/>
	<Member InstanceName="I2C3"                             Name="I2C"                 GroupName="I2C"             Version="v1_0_0_WK"     About ="Inter integrated circuit interface 3" AboutCH = "内部集成电路接口3"/>
  	<Member InstanceName="I2S1"                             Name="I2S"                 GroupName="I2S"             Version="v1_0_0_WK"     About ="Inter IC Sound 1" AboutCH = "集成电路内置音频总线1"/>
	<Member InstanceName="I2S3"                             Name="I2S"                 GroupName="I2S"             Version="v1_0_0_WK"     About ="Inter IC Sound 3" AboutCH = "集成电路内置音频总线3"/>
	<Member InstanceName="I2SF5"                            Name="I2SF"                GroupName="I2S"             Version="v1_0_0_WK"     About ="Full-duplexed I2S interface 5" AboutCH = "全双工音频接口5"/>
	<Member InstanceName="IRTMR"                            Name="IRTMR"               GroupName="TMR"             Version="v1_0_0_WK"     About ="Infrared timer" AboutCH = "红外线接口"/>
	<Member InstanceName="NVIC"                             Name="NVIC"                GroupName="NVIC"            Version="v1_0_0_WK"     About ="Nested vectored interrupt controller" AboutCH = "嵌套向量中断控制器"/>
	<Member InstanceName="PWC"                              Name="PWC"                 GroupName="PWC"             Version="v1_0_0_WK"     About ="Power control" AboutCH = "电源控制"/>
	<Member InstanceName="QSPI1"                            Name="QSPI"                GroupName="QSPI"            Version="v1_0_0_WK"     About ="Quad-SPI interface 1" AboutCH = "四线SPI接口1"/>
	<Member InstanceName="SCFG"                             Name="SCFG"                GroupName="SCFG"            Version="v1_0_0_WK"     About ="System configuration controller" AboutCH = "系统配置控制器"/>
	<Member InstanceName="SPI1"                             Name="SPI"                 GroupName="SPI"             Version="v1_0_0_WK"     About ="Serial peripheral interface 1" AboutCH = "串行外设接口1"/>
	<Member InstanceName="SPI3"                             Name="SPI"                 GroupName="SPI"             Version="v1_0_0_WK"     About ="Serial peripheral interface 3" AboutCH = "串行外设接口3"/>	
  	<Member InstanceName="SYSTEM"                           Name="SYSTEM"              GroupName="SYSTEM"          Version="v1_0_0_WK"     About ="SYSTEM" AboutCH = "SYSTEM配置"/>
	<Member InstanceName="TMR1"                             Name="TMR1"                GroupName="TMR"             Version="v1_0_0_WK"     About ="TIMER 1"   AboutCH = "定时器1"/>
	<Member InstanceName="TMR2"                             Name="TMR2"                GroupName="TMR"             Version="v1_0_0_WK"     About ="TIMER 2"   AboutCH = "定时器2"/>
	<Member InstanceName="TMR3"                             Name="TMR3"                GroupName="TMR"             Version="v1_0_0_WK"     About ="TIMER 3"   AboutCH = "定时器3"/>
	<Member InstanceName="TMR4"                             Name="TMR4"                GroupName="TMR"             Version="v1_0_0_WK"     About ="TIMER 4"   AboutCH = "定时器4"/>
	<Member InstanceName="TMR6"                             Name="TMR6_7"              GroupName="TMR"             Version="v1_0_0_WK"     About ="TIMER 6"   AboutCH = "定时器6"/>
	<Member InstanceName="TMR7"                             Name="TMR6_7"              GroupName="TMR"             Version="v1_0_0_WK"     About ="TIMER 7"   AboutCH = "定时器7"/>
	<Member InstanceName="TMR9"                             Name="TMR9"                GroupName="TMR"             Version="v1_0_0_WK"     About ="TIMER 9"   AboutCH = "定时器9"/>		
	<Member InstanceName="TMR10"                            Name="TMR10_11_13"         GroupName="TMR"             Version="v1_0_0_WK"     About ="TIMER 10"   AboutCH = "定时器10"/>
	<Member InstanceName="TMR11"                            Name="TMR10_11_13"         GroupName="TMR"             Version="v1_0_0_WK"     About ="TIMER 11"   AboutCH = "定时器11"/>
	<Member InstanceName="TMR13"                            Name="TMR10_11_13"         GroupName="TMR"             Version="v1_0_0_WK"     About ="TIMER 13"   AboutCH = "定时器13"/>
	<Member InstanceName="TMR14"                            Name="TMR14"               GroupName="TMR"             Version="v1_0_0_WK"     About ="TIMER 14"   AboutCH = "定时器14"/>
	<Member InstanceName="USART1"                           Name="USART"               GroupName="USART"           Version="v1_0_0_WK"     About ="Universal synchronous/asynchronous receiver/transmitter 1" AboutCH = "通用同步异步收发器1"/>
	<Member InstanceName="USART2"                           Name="USART"               GroupName="USART"           Version="v1_0_0_WK"     About ="Universal synchronous/asynchronous receiver/transmitter 2" AboutCH = "通用同步异步收发器2"/>	
	<Member InstanceName="USART3"                           Name="USART"               GroupName="USART"           Version="v1_0_0_WK"     About ="Universal synchronous/asynchronous receiver/transmitter 3" AboutCH = "通用同步异步收发器3"/>
	<Member InstanceName="USART4"                           Name="USART"               GroupName="USART"           Version="v1_0_0_WK"     About ="Universal synchronous/asynchronous receiver/transmitter 4" AboutCH = "通用同步异步收发器4"/>
	<Member InstanceName="USART5"                           Name="USART"               GroupName="USART"           Version="v1_0_0_WK"     About ="Universal synchronous/asynchronous receiver/transmitter 5" AboutCH = "通用同步异步收发器5"/>
	<Member InstanceName="USART6"                           Name="USART"               GroupName="USART"           Version="v1_0_0_WK"     About ="Universal synchronous/asynchronous receiver/transmitter 6" AboutCH = "通用同步异步收发器6"/>
	<Member InstanceName="UART7"                            Name="USART"               GroupName="USART"           Version="v1_0_0_WK"     About ="Universal synchronous/asynchronous receiver/transmitter 7" AboutCH = "通用同步异步收发器7"/>
	<Member InstanceName="USB_OTGFS1"                       Name="USB_OTGFS"           GroupName="USB"             Version="v1_0_0_WK"     About ="Universal Serial Bus On-The-Go Full-Speed" AboutCH = "USB OTG 全速"/>
	<Member InstanceName="USB_OTGHS1"                       Name="USB_OTGHS"           GroupName="USB"             Version="v1_0_0_WK"     About ="Universal Serial Bus On-The-Go High-Speed" AboutCH = "USB OTG 高速"/>
	<Member InstanceName="WDT"                              Name="WDT"                 GroupName="WDT"             Version="v1_0_0_WK"     About ="Watchdog timer" AboutCH = "看门狗"/>
	<Member InstanceName="WWDT"                             Name="WWDT"                GroupName="WWDT"            Version="v1_0_0_WK"     About ="Window watchdog timer" AboutCH = "窗口看门狗"/>	
  </entry>
  <entry term="MiddlewaresList">
  	<Member InstanceName="FREERTOS"                         Name="FREERTOS"            GroupName="FREERTOS"        Version="v1_0_0_WK"     About ="FREERTOS" AboutCH = "FREERTOS"/>
  	<Member InstanceName="USB_DEVICE"                       Name="USB_DEVICE"          GroupName="USB_DEVICE"      Version="v1_0_0_WK"     About ="USB Device" AboutCH = "USB设备端"/>
  	<Member InstanceName="USB_HOST"                         Name="USB_HOST"            GroupName="USB_HOST"        Version="v1_0_0_WK"     About ="USB Host" AboutCH = "USB主机端"/>
  </entry>
  <entry term="PinsList">
  	<Member PinNum="1" PinName="VDD" PinType="S" GPIOStructure="" PinFixed ="true">
	</Member>
	<Member PinNum="2" PinName="PF0" PinType="I/O" GPIOStructure="TC" PinFixed ="false">
		<PinFunc Func="TMR1_CH1"/>
		<PinFunc Func="I2C1_SDA"/>
		<PinFunc Func="CRM_HEXT_IN"/>
		<PinFunc Func="EVENTOUT" IOMode="EVENTOUT"/>
		<PinFunc Func="GPIO_Input"  IOMode="Input"/>
		<PinFunc Func="GPIO_Output" IOMode="Output"/>
		<PinFunc Func="GPIO_Analog" IOMode="Analog"/>
		<PinFunc Func="EXINT0" IOMode="Input"/>
	</Member>
	<Member PinNum="3" PinName="PF1" PinType="I/O" GPIOStructure="TC" PinFixed ="false">
		<PinFunc Func="TMR1_CH2C"/>
		<PinFunc Func="I2C1_SCL"/>
		<PinFunc Func="CRM_HEXT_OUT"/>
		<PinFunc Func="EVENTOUT" IOMode="EVENTOUT"/>
		<PinFunc Func="GPIO_Input"  IOMode="Input"/>
		<PinFunc Func="GPIO_Output" IOMode="Output"/>
		<PinFunc Func="GPIO_Analog" IOMode="Analog"/>
		<PinFunc Func="EXINT1" IOMode="Input"/>
	</Member>
	<Member PinNum="4" PinName="NRST" PinType="I/O" GPIOStructure="R" PinFixed ="true">
	</Member>
	<Member PinNum="5" PinName="VDDA" PinType="S" GPIOStructure="" PinFixed ="true">
	</Member>
	<Member PinNum="6" PinName="PA0" PinType="I/O" GPIOStructure="FTa" PinFixed ="false">
		<PinFunc Func="TMR2_CH1"/>
		<PinFunc Func="TMR2_EXT"/>
		<PinFunc Func="TMR9_CH2C"/>
		<PinFunc Func="I2C2_SCL"/>
		<PinFunc Func="USART2_RX"/>
		<PinFunc Func="USART2_CTS"/>
		<PinFunc Func="USART4_TX"/>
		<PinFunc Func="ADC1_IN0" Multi="true"/>
		<PinFunc Func="ERTC_TAMP2"/>
		<PinFunc Func="WKUP1"/>
		<PinFunc Func="EVENTOUT" IOMode="EVENTOUT"/>
		<PinFunc Func="GPIO_Input"  IOMode="Input"/>
		<PinFunc Func="GPIO_Output" IOMode="Output"/>
		<PinFunc Func="GPIO_Analog" IOMode="Analog" Multi="true"/>
		<PinFunc Func="EXINT0" IOMode="Input"/>
	</Member>
	<Member PinNum="7" PinName="PA1" PinType="I/O" GPIOStructure="FTa" PinFixed ="false">
		<PinFunc Func="TMR2_CH2"/>
		<PinFunc Func="TMR9_CH1C"/>
		<PinFunc Func="I2C2_SDA"/>
		<PinFunc Func="I2C1_SMBA"/>
		<PinFunc Func="I2SF5_SD"/>
		<PinFunc Func="USART2_RTS"/>
		<PinFunc Func="USART2_DE"/>
		<PinFunc Func="USART4_RX"/>
		<PinFunc Func="QSPI1_IO3"/>
		<PinFunc Func="ADC1_IN1" Multi="true"/>
		<PinFunc Func="EVENTOUT" IOMode="EVENTOUT"/>
		<PinFunc Func="GPIO_Input"  IOMode="Input"/>
		<PinFunc Func="GPIO_Output" IOMode="Output"/>
		<PinFunc Func="GPIO_Analog" IOMode="Analog" Multi="true"/>
		<PinFunc Func="EXINT1" IOMode="Input"/>
	</Member>
	<Member PinNum="8" PinName="PA2" PinType="I/O" GPIOStructure="FTa" PinFixed ="false">
		<PinFunc Func="TMR2_CH3"/>
		<PinFunc Func="TMR9_CH1"/>
		<PinFunc Func="I2SF5_CKIN"/>
		<PinFunc Func="USART2_TX"/>
		<PinFunc Func="QSPI1_CS"/>
		<PinFunc Func="ADC1_IN2" Multi="true"/>
		<PinFunc Func="EVENTOUT" IOMode="EVENTOUT"/>
		<PinFunc Func="GPIO_Input"  IOMode="Input"/>
		<PinFunc Func="GPIO_Output" IOMode="Output"/>
		<PinFunc Func="GPIO_Analog" IOMode="Analog" Multi="true"/>
		<PinFunc Func="EXINT2" IOMode="Input"/>
	</Member>
	<Member PinNum="9" PinName="PA3" PinType="I/O" GPIOStructure="FTa" PinFixed ="false">
		<PinFunc Func="TMR2_CH4"/>
		<PinFunc Func="TMR9_CH2"/>
		<PinFunc Func="USART2_RX"/>
		<PinFunc Func="ADC1_IN3" Multi="true"/>
		<PinFunc Func="EVENTOUT" IOMode="EVENTOUT"/>
		<PinFunc Func="GPIO_Input"  IOMode="Input"/>
		<PinFunc Func="GPIO_Output" IOMode="Output"/>
		<PinFunc Func="GPIO_Analog" IOMode="Analog" Multi="true"/>
		<PinFunc Func="EXINT3" IOMode="Input"/>
	</Member>
	<Member PinNum="10" PinName="PA4" PinType="I/O" GPIOStructure="FTa" PinFixed ="false">
		<PinFunc Func="I2C1_SCL"/>
		<PinFunc Func="SPI1_CS"/>
		<PinFunc Func="I2S1_WS"/>
		<PinFunc Func="SPI3_CS"/>
		<PinFunc Func="I2S3_WS"/>
		<PinFunc Func="USART2_CK"/>
		<PinFunc Func="USART6_TX"/>
		<PinFunc Func="TMR14_CH1"/>
		<PinFunc Func="USB_OTGHS1_SOF"/>
		<PinFunc Func="ADC1_IN4" Multi="true"/>
		<PinFunc Func="EVENTOUT" IOMode="EVENTOUT"/>
		<PinFunc Func="GPIO_Input"  IOMode="Input"/>
		<PinFunc Func="GPIO_Output" IOMode="Output"/>
		<PinFunc Func="GPIO_Analog" IOMode="Analog" Multi="true"/>
		<PinFunc Func="EXINT4" IOMode="Input"/>
	</Member>
	<Member PinNum="11" PinName="PA5" PinType="I/O" GPIOStructure="FTa" PinFixed ="false">
		<PinFunc Func="TMR2_CH1"/>
		<PinFunc Func="TMR2_EXT"/>
		<PinFunc Func="SPI1_SCK"/>
		<PinFunc Func="I2S1_CK"/>
		<PinFunc Func="USART3_CK"/>
		<PinFunc Func="USART3_RX"/>
		<PinFunc Func="USART6_RX"/>
		<PinFunc Func="TMR13_CH1C"/>
		<PinFunc Func="ADC1_IN5" Multi="true"/>
		<PinFunc Func="EVENTOUT" IOMode="EVENTOUT"/>
		<PinFunc Func="GPIO_Input"  IOMode="Input"/>
		<PinFunc Func="GPIO_Output" IOMode="Output"/>
		<PinFunc Func="GPIO_Analog" IOMode="Analog" Multi="true"/>
		<PinFunc Func="EXINT5" IOMode="Input"/>
	</Member>
	<Member PinNum="12" PinName="PA6" PinType="I/O" GPIOStructure="FTa" PinFixed ="false">
		<PinFunc Func="TMR1_BRK"/>
		<PinFunc Func="TMR3_CH1"/>
		<PinFunc Func="SPI1_MISO"/>
		<PinFunc Func="I2S1_MCK"/>
		<PinFunc Func="USART3_CTS"/>
		<PinFunc Func="USART3_RX"/>
		<PinFunc Func="TMR13_CH1"/>
		<PinFunc Func="QSPI1_IO0"/>
		<PinFunc Func="QSPI1_IO2"/>
		<PinFunc Func="ADC1_IN6" Multi="true"/>
		<PinFunc Func="EVENTOUT" IOMode="EVENTOUT"/>
		<PinFunc Func="GPIO_Input"  IOMode="Input"/>
		<PinFunc Func="GPIO_Output" IOMode="Output"/>
		<PinFunc Func="GPIO_Analog" IOMode="Analog" Multi="true"/>
		<PinFunc Func="EXINT6" IOMode="Input"/>
	</Member>
	<Member PinNum="13" PinName="PA7" PinType="I/O" GPIOStructure="FTa" PinFixed ="false">
		<PinFunc Func="TMR1_CH1C"/>
		<PinFunc Func="TMR3_CH2"/>
		<PinFunc Func="I2C3_SCL"/>
		<PinFunc Func="SPI1_MOSI"/>
		<PinFunc Func="I2S1_SD"/>
		<PinFunc Func="USART3_TX"/>
		<PinFunc Func="TMR14_CH1"/>
		<PinFunc Func="QSPI1_IO1"/>
		<PinFunc Func="ADC1_IN7" Multi="true"/>
		<PinFunc Func="EVENTOUT" IOMode="EVENTOUT"/>
		<PinFunc Func="GPIO_Input"  IOMode="Input"/>
		<PinFunc Func="GPIO_Output" IOMode="Output"/>
		<PinFunc Func="GPIO_Analog" IOMode="Analog" Multi="true"/>
		<PinFunc Func="EXINT7" IOMode="Input"/>
	</Member>
	<Member PinNum="14" PinName="PB0" PinType="I/O" GPIOStructure="FTa" PinFixed ="false">
		<PinFunc Func="TMR1_CH2C"/>
		<PinFunc Func="TMR3_CH3"/>
		<PinFunc Func="SPI1_MISO"/>
		<PinFunc Func="I2S1_MCK"/>
		<PinFunc Func="SPI3_MOSI"/>
		<PinFunc Func="I2S3_SD"/>
		<PinFunc Func="USART2_RX"/>
		<PinFunc Func="USART3_CK"/>
		<PinFunc Func="QSPI1_IO0"/>
		<PinFunc Func="I2SF5_CK"/>
		<PinFunc Func="ADC1_IN8" Multi="true"/>
		<PinFunc Func="EVENTOUT" IOMode="EVENTOUT"/>
		<PinFunc Func="GPIO_Input"  IOMode="Input"/>
		<PinFunc Func="GPIO_Output" IOMode="Output"/>
		<PinFunc Func="GPIO_Analog" IOMode="Analog" Multi="true"/>
		<PinFunc Func="EXINT0" IOMode="Input"/>
	</Member>
	<Member PinNum="15" PinName="PB1" PinType="I/O" GPIOStructure="FTa" PinFixed ="false">
		<PinFunc Func="TMR1_CH3C"/>
		<PinFunc Func="TMR3_CH4"/>
		<PinFunc Func="SPI1_MOSI"/>
		<PinFunc Func="I2S1_SD"/>
		<PinFunc Func="USART2_CK"/>
		<PinFunc Func="USART3_RTS"/>
		<PinFunc Func="USART3_DE"/>
		<PinFunc Func="TMR14_CH1"/>
		<PinFunc Func="QSPI1_SCK"/>
		<PinFunc Func="I2SF5_WS"/>
		<PinFunc Func="ADC1_IN9" Multi="true"/>
		<PinFunc Func="EVENTOUT" IOMode="EVENTOUT"/>
		<PinFunc Func="GPIO_Input"  IOMode="Input"/>
		<PinFunc Func="GPIO_Output" IOMode="Output"/>
		<PinFunc Func="GPIO_Analog" IOMode="Analog" Multi="true"/>
		<PinFunc Func="EXINT1" IOMode="Input"/>
	</Member>
	<Member PinNum="16" PinName="PB2" PinType="I/O" GPIOStructure="FT" PinFixed ="false">
		<PinFunc Func="TMR2_CH4"/>
		<PinFunc Func="TMR3_EXT"/>
		<PinFunc Func="I2C3_SMBA"/>
		<PinFunc Func="SPI3_MOSI"/>
		<PinFunc Func="I2S3_SD"/>
		<PinFunc Func="TMR14_CH1C"/>
		<PinFunc Func="QSPI1_SCK"/>
		<PinFunc Func="EVENTOUT" IOMode="EVENTOUT"/>
		<PinFunc Func="GPIO_Input"  IOMode="Input"/>
		<PinFunc Func="GPIO_Output" IOMode="Output"/>
		<PinFunc Func="GPIO_Analog" IOMode="Analog"/>
		<PinFunc Func="EXINT2" IOMode="Input"/>
	</Member>
	<Member PinNum="17" PinName="USB_OTGHS1_R" PinType="-" GPIOStructure="" PinFixed ="false">
		<PinFunc Func="USB_OTGHS1_R"/>
	</Member>
	<Member PinNum="18" PinName="USB_OTGHS1_D-" PinType="-" GPIOStructure="" PinFixed ="false">
		<PinFunc Func="USB_OTGHS1_D-"/>
	</Member>
	<Member PinNum="19" PinName="USB_OTGHS1_D+" PinType="-" GPIOStructure="" PinFixed ="false">
		<PinFunc Func="USB_OTGHS1_D+"/>
	</Member>
	<Member PinNum="20" PinName="VDD" PinType="S" GPIOStructure="" PinFixed ="true">
	</Member>
	<Member PinNum="21" PinName="PA11" PinType="I/O" GPIOStructure="TC" PinFixed ="false">
		<PinFunc Func="TMR1_CH4"/>
		<PinFunc Func="I2C2_SCL"/>
		<PinFunc Func="I2C1_SMBA"/>
		<PinFunc Func="USART1_CTS"/>
		<PinFunc Func="USART6_TX"/>
		<PinFunc Func="CAN1_RX"/>
		<PinFunc Func="USB_OTGFS1_D-"/>
		<PinFunc Func="EVENTOUT" IOMode="EVENTOUT"/>
		<PinFunc Func="GPIO_Input"  IOMode="Input"/>
		<PinFunc Func="GPIO_Output" IOMode="Output"/>
		<PinFunc Func="GPIO_Analog" IOMode="Analog"/>
		<PinFunc Func="EXINT11" IOMode="Input"/>
	</Member>
	<Member PinNum="22" PinName="PA12" PinType="I/O" GPIOStructure="TC" PinFixed ="false">
		<PinFunc Func="TMR1_EXT"/>
		<PinFunc Func="I2C2_SDA"/>
		<PinFunc Func="I2SF5_SDEXT"/>
		<PinFunc Func="USART1_RTS"/>
		<PinFunc Func="USART1_DE"/>
		<PinFunc Func="USART6_RX"/>
		<PinFunc Func="CAN1_TX"/>
		<PinFunc Func="USB_OTGFS1_D+"/>
		<PinFunc Func="EVENTOUT" IOMode="EVENTOUT"/>
		<PinFunc Func="GPIO_Input"  IOMode="Input"/>
		<PinFunc Func="GPIO_Output" IOMode="Output"/>
		<PinFunc Func="GPIO_Analog" IOMode="Analog"/>
		<PinFunc Func="EXINT12" IOMode="Input"/>
	</Member>
	<Member PinNum="23" PinName="PA13" PinType="I/O" GPIOStructure="FT" PinFixed ="false">
		<PinFunc Func="DEBUG_SWDIO"/>
		<PinFunc Func="IR_OUT"/>
		<PinFunc Func="I2C1_SDA"/>
		<PinFunc Func="I2S3_SDEXT"/>
		<PinFunc Func="SPI3_MISO"/>
		<PinFunc Func="I2S3_MCK"/>
		<PinFunc Func="USB_OTGFS1_OE"/>
		<PinFunc Func="EVENTOUT" IOMode="EVENTOUT"/>
		<PinFunc Func="GPIO_Input"  IOMode="Input"/>
		<PinFunc Func="GPIO_Output" IOMode="Output"/>
		<PinFunc Func="GPIO_Analog" IOMode="Analog"/>
		<PinFunc Func="EXINT13" IOMode="Input"/>
	</Member>
	<Member PinNum="24" PinName="PA14" PinType="I/O" GPIOStructure="FT" PinFixed ="false">
		<PinFunc Func="DEBUG_SWCLK"/>
		<PinFunc Func="I2C1_SMBA"/>
		<PinFunc Func="SPI3_MOSI"/>
		<PinFunc Func="I2S3_SD"/>
		<PinFunc Func="USART2_TX"/>
		<PinFunc Func="EVENTOUT" IOMode="EVENTOUT"/>
		<PinFunc Func="GPIO_Input"  IOMode="Input"/>
		<PinFunc Func="GPIO_Output" IOMode="Output"/>
		<PinFunc Func="GPIO_Analog" IOMode="Analog"/>
		<PinFunc Func="EXINT14" IOMode="Input"/>
	</Member>
	<Member PinNum="25" PinName="PA15" PinType="I/O" GPIOStructure="FT" PinFixed ="false">
		<PinFunc Func="TMR2_CH1"/>
		<PinFunc Func="TMR2_EXT"/>
		<PinFunc Func="SPI1_CS"/>
		<PinFunc Func="I2S1_WS"/>
		<PinFunc Func="SPI3_CS"/>
		<PinFunc Func="I2S3_WS"/>
		<PinFunc Func="USART1_TX"/>
		<PinFunc Func="USART2_RX"/>
		<PinFunc Func="UART7_TX"/>
		<PinFunc Func="USART4_RTS"/>
		<PinFunc Func="USART4_DE"/>
		<PinFunc Func="QSPI1_IO2"/>
		<PinFunc Func="EVENTOUT" IOMode="EVENTOUT"/>
		<PinFunc Func="GPIO_Input"  IOMode="Input"/>
		<PinFunc Func="GPIO_Output" IOMode="Output"/>
		<PinFunc Func="GPIO_Analog" IOMode="Analog"/>
		<PinFunc Func="EXINT15" IOMode="Input"/>
	</Member>
	<Member PinNum="26" PinName="PB3" PinType="I/O" GPIOStructure="FTf" PinFixed ="false">
		<PinFunc Func="DEBUG_SWO"/>
		<PinFunc Func="TMR2_CH2"/>
		<PinFunc Func="I2C2_SDA"/>
		<PinFunc Func="SPI1_SCK"/>
		<PinFunc Func="I2S1_CK"/>
		<PinFunc Func="SPI3_SCK"/>
		<PinFunc Func="I2S3_CK"/>
		<PinFunc Func="USART1_RX"/>
		<PinFunc Func="USART1_RTS"/>
		<PinFunc Func="USART1_DE"/>
		<PinFunc Func="UART7_RX"/>
		<PinFunc Func="USART5_TX"/>
		<PinFunc Func="QSPI1_IO3"/>
		<PinFunc Func="EVENTOUT" IOMode="EVENTOUT"/>
		<PinFunc Func="GPIO_Input"  IOMode="Input"/>
		<PinFunc Func="GPIO_Output" IOMode="Output"/>
		<PinFunc Func="GPIO_Analog" IOMode="Analog"/>
		<PinFunc Func="EXINT3" IOMode="Input"/>
	</Member>
	<Member PinNum="27" PinName="PB4" PinType="I/O" GPIOStructure="FT" PinFixed ="false">
		<PinFunc Func="TMR3_CH1"/>
		<PinFunc Func="TMR11_BRK"/>
		<PinFunc Func="I2C3_SDA"/>
		<PinFunc Func="SPI1_MISO"/>
		<PinFunc Func="I2S1_MCK"/>
		<PinFunc Func="SPI3_MISO"/>
		<PinFunc Func="I2S3_MCK"/>
		<PinFunc Func="USART1_CTS"/>
		<PinFunc Func="UART7_TX"/>
		<PinFunc Func="USART5_RX"/>
		<PinFunc Func="QSPI1_SCK"/>
		<PinFunc Func="I2S3_SDEXT"/>
		<PinFunc Func="EVENTOUT" IOMode="EVENTOUT"/>
		<PinFunc Func="GPIO_Input"  IOMode="Input"/>
		<PinFunc Func="GPIO_Output" IOMode="Output"/>
		<PinFunc Func="GPIO_Analog" IOMode="Analog"/>
		<PinFunc Func="EXINT4" IOMode="Input"/>
	</Member>
	<Member PinNum="28" PinName="PB5" PinType="I/O" GPIOStructure="FT" PinFixed ="false">
		<PinFunc Func="TMR3_CH2"/>
		<PinFunc Func="TMR10_BRK"/>
		<PinFunc Func="I2C3_SMBA"/>
		<PinFunc Func="SPI1_MOSI"/>
		<PinFunc Func="I2S1_SD"/>
		<PinFunc Func="SPI3_MOSI"/>
		<PinFunc Func="I2S3_SD"/>
		<PinFunc Func="USART1_CK"/>
		<PinFunc Func="USART5_RX"/>
		<PinFunc Func="USART5_CK"/>
		<PinFunc Func="USART5_RTS"/>
		<PinFunc Func="USART5_DE"/>
		<PinFunc Func="QSPI1_IO0"/>
		<PinFunc Func="WKUP6"/>
		<PinFunc Func="EVENTOUT" IOMode="EVENTOUT"/>
		<PinFunc Func="GPIO_Input"  IOMode="Input"/>
		<PinFunc Func="GPIO_Output" IOMode="Output"/>
		<PinFunc Func="GPIO_Analog" IOMode="Analog"/>
		<PinFunc Func="EXINT5" IOMode="Input"/>
	</Member>
	<Member PinNum="29" PinName="PB6" PinType="I/O" GPIOStructure="FT" PinFixed ="false">
		<PinFunc Func="TMR4_CH1"/>
		<PinFunc Func="TMR10_CH1C"/>
		<PinFunc Func="I2C1_SCL"/>
		<PinFunc Func="I2S1_MCK"/>
		<PinFunc Func="I2SF5_WS"/>
		<PinFunc Func="USART1_TX"/>
		<PinFunc Func="USART5_TX"/>
		<PinFunc Func="USART4_CK"/>
		<PinFunc Func="QSPI1_CS"/>
		<PinFunc Func="EVENTOUT" IOMode="EVENTOUT"/>
		<PinFunc Func="GPIO_Input"  IOMode="Input"/>
		<PinFunc Func="GPIO_Output" IOMode="Output"/>
		<PinFunc Func="GPIO_Analog" IOMode="Analog"/>
		<PinFunc Func="EXINT6" IOMode="Input"/>
	</Member>
	<Member PinNum="30" PinName="PB7" PinType="I/O" GPIOStructure="FT" PinFixed ="false">
		<PinFunc Func="TMR4_CH2"/>
		<PinFunc Func="TMR11_CH1C"/>
		<PinFunc Func="I2C1_SDA"/>
		<PinFunc Func="I2SF5_CK"/>
		<PinFunc Func="USART1_RX"/>
		<PinFunc Func="USART4_CTS"/>
		<PinFunc Func="QSPI1_IO1"/>
		<PinFunc Func="EVENTOUT" IOMode="EVENTOUT"/>
		<PinFunc Func="GPIO_Input"  IOMode="Input"/>
		<PinFunc Func="GPIO_Output" IOMode="Output"/>
		<PinFunc Func="GPIO_Analog" IOMode="Analog"/>
		<PinFunc Func="EXINT7" IOMode="Input"/>
	</Member>
	<Member PinNum="31" PinName="PF11/BOOT0" PinType="I/O" GPIOStructure="FT" PinFixed ="false">
		<PinFunc Func="EVENTOUT" IOMode="EVENTOUT"/>
		<PinFunc Func="GPIO_Input"  IOMode="Input"/>
		<PinFunc Func="GPIO_Output" IOMode="Output"/>
		<PinFunc Func="GPIO_Analog" IOMode="Analog"/>
		<PinFunc Func="EXINT11" IOMode="Input"/>
	</Member>
	<Member PinNum="32" PinName="PB8" PinType="I/O" GPIOStructure="FT" PinFixed ="false">
		<PinFunc Func="TMR2_CH1"/>
		<PinFunc Func="TMR2_EXT"/>
		<PinFunc Func="TMR4_CH3"/>
		<PinFunc Func="TMR10_CH1"/>
		<PinFunc Func="I2C1_SCL"/>
		<PinFunc Func="I2SF5_SDEXT"/>
		<PinFunc Func="USART1_TX"/>
		<PinFunc Func="USART5_RX"/>
		<PinFunc Func="CAN1_RX"/>
		<PinFunc Func="I2SF5_SD"/>
		<PinFunc Func="EVENTOUT" IOMode="EVENTOUT"/>
		<PinFunc Func="GPIO_Input"  IOMode="Input"/>
		<PinFunc Func="GPIO_Output" IOMode="Output"/>
		<PinFunc Func="GPIO_Analog" IOMode="Analog"/>
		<PinFunc Func="EXINT8" IOMode="Input"/>
	</Member>
  </entry>   
</Configuration>